"L10F, M46I, I54V, G73S",1,4,700.0,700.0,700.0,700.0,700.0,700.0
"L10F, M46I, I54M",1,3,700.0,700.0,700.0,700.0,700.0,700.0
"M46L, I54V, G73S, I84V, L90M",1,5,700.0,700.0,700.0,700.0,700.0,700.0
"V32I, L33F, M46I, V82A, I84V, L90M",1,6,700.0,700.0,700.0,700.0,700.0,700.0
"L10F, V32I, M46I, I54L, L76V, I84V, L89V, L90M",1,8,700.0,700.0,700.0,700.0,700.0,700.0
"L33F, M46L, I54V, G73S, T74P, V82T, I84V, L89V, L90M",1,9,700.0,700.0,700.0,700.0,700.0,700.0
"M46L, G48V, I54V, L90M",1,4,700.0,700.0,700.0,700.0,700.0,700.0
"V32I, L33F, M46L, I54L, T74P, V82VA, I84V, L90M",1,8,700.0,700.0,700.0,700.0,700.0,700.0
"V32I, L33F, M46I, I47V, F53L, G73S, V82A, L90M",1,8,700.0,700.0,700.0,700.0,700.0,700.0
"G48M, F53L, I54V, V82A, I84V",1,5,700.0,700.0,700.0,700.0,700.0,700.0
"V32I, M46L, I47V, I54M, I84V, L89V, L90M",1,7,700.0,700.0,700.0,700.0,700.0,700.0
"L24I, V32I, L33F, M46L, I54V, V82T, I84V",1,7,700.0,700.0,700.0,700.0,700.0,700.0
"M46L, I54V, I84V",1,3,700.0,700.0,700.0,700.0,700.0,700.0
"L33F, M46L, G48V, I54T, V82A, L90M",1,6,700.0,700.0,700.0,700.0,700.0,700.0
"L10LFV, V32I, L33F, I54L, G73S, I84V, L89V, L90M",1,8,700.0,700.0,700.0,700.0,700.0,700.0
"V32I, L33F, I54L, G73S, I84V, L89V, L90M",1,7,700.0,700.0,700.0,700.0,700.0,700.0
"L24I, F53L, I54V, G73S, V82A",1,5,700.0,700.0,700.0,700.0,700.0,700.0
"V32I, L33F, M46I, F53L, I54M, T74P, V82A, I84V, L89V, L90M",1,10,500.0,500.0,500.0,500.0,500.0,500.0
"L10F, V32I, L33F, M46I, I54L, I84V, L90M",2,7,"700.0, 200.0",450.0,200.0,700.0,325.0,575.0
"L33F, M46L, I54V, T74P, V82A, I84V, L90M",2,7,"177.0, 700.0",438.5,177.0,700.0,307.75,569.25
"V32I, L33F, M46I, I47V, F53L, I54L, I84V, L90M",3,8,"400.0, 200.0, 700.0",400.0,200.0,700.0,300.0,550.0
"L33F, M46I, I54V, T74P, V82T, I84V, L90M",1,7,400.0,400.0,400.0,400.0,400.0,400.0
"L10F, L33F, M46L, I54M, I84V, L90M",2,6,"700.0, 90.0",395.0,90.0,700.0,242.5,547.5
"L10F, M46I, I54V, L90M",1,4,360.0,360.0,360.0,360.0,360.0,360.0
"L33F, G48V, I54T, V82A, I84V",2,5,"700.0, 13.0",356.5,13.0,700.0,184.75,528.25
"L10F, M46I, I54V, I84V, L90M",6,5,"285.0, 423.0, 700.0, 213.0, 434.0, 160.0",354.0,160.0,700.0,231.0,431.25
"V32I, L33F, M46I, I47V, I54V, I84V, L90M",1,7,347.0,347.0,347.0,347.0,347.0,347.0
"L10F, V32I, L33F, I54L, T74P, I84V, L90M",1,7,342.0,342.0,342.0,342.0,342.0,342.0
"L24I, L33F, M46L, I54V, T74P, V82A, I84V",3,7,"336.0, 356.0, 217.0",336.0,217.0,356.0,276.5,346.0
"L33F, G48V, I54A, V82A, L90M",1,5,336.0,336.0,336.0,336.0,336.0,336.0
"V32I, L33F, M46I, I47V, I54M, G73S, V82T, L90M",1,8,332.0,332.0,332.0,332.0,332.0,332.0
"I54V, I84V, L90M",1,3,324.0,324.0,324.0,324.0,324.0,324.0
"V32I, L33F, M46I, F53L, I54L, I84V, L90M",1,7,315.0,315.0,315.0,315.0,315.0,315.0
"L10FI, L33F, M46L, I54V, T74P, I84V, L90M",1,7,308.0,308.0,308.0,308.0,308.0,308.0
"M46L, I54V, I84V, L89V",1,4,308.0,308.0,308.0,308.0,308.0,308.0
"L10F, I54V, G73S, I84V, L90M",2,5,"348.0, 250.0",299.0,250.0,348.0,274.5,323.5
"L10F, M46I, F53L, I84V, L90M",1,5,295.0,295.0,295.0,295.0,295.0,295.0
"L33F, M46L, I54L, V82A, I84V, L89IV, L90M",1,7,288.0,288.0,288.0,288.0,288.0,288.0
"V32I, I54V, I84V",1,3,287.0,287.0,287.0,287.0,287.0,287.0
"L10F, V32I, L33F, M46I, I47V, I54L, G73S, I84V, L89V, L90M",1,10,283.0,283.0,283.0,283.0,283.0,283.0
"L24I, V32I, L33F, M46L, I54LV, I54LV, V82A, I84V",1,8,280.0,280.0,280.0,280.0,280.0,280.0
"M46I, I54V, N88S, L90M",1,4,265.0,265.0,265.0,265.0,265.0,265.0
"V32I, L33F, I54L, G73S, T74P, I84V, L89V, L90M",1,8,262.0,262.0,262.0,262.0,262.0,262.0
"L10F, V32I, L33F, I54L, I84V, L89V, L90M",1,7,260.0,260.0,260.0,260.0,260.0,260.0
"L10F, V32I, L33F, I47V, F53L, I54L, L89T",1,7,254.0,254.0,254.0,254.0,254.0,254.0
"M46I, I54V",1,2,253.0,253.0,253.0,253.0,253.0,253.0
"V32I, M46L, I54V, G73S, V82A, L90M",1,6,253.0,253.0,253.0,253.0,253.0,253.0
"L24I, L33F, I47IV, G48V, I54L, V82A, I84V, L90M",1,8,252.0,252.0,252.0,252.0,252.0,252.0
"V32I, M46I, I47V, I50L",1,4,249.0,249.0,249.0,249.0,249.0,249.0
"M46L, I54V, T74P, I84V, L90M",1,5,246.0,246.0,246.0,246.0,246.0,246.0
"L33F, I54A, G73S, V82A, L90M",1,5,242.0,242.0,242.0,242.0,242.0,242.0
"V32I, I54V, I84V, L90M",1,4,237.0,237.0,237.0,237.0,237.0,237.0
"V32I, L33F, M46I, F53L, T74P, V82A, L90M",1,7,235.0,235.0,235.0,235.0,235.0,235.0
"G48V, I54T, V82A, I84IV",1,4,234.0,234.0,234.0,234.0,234.0,234.0
"M46I, F53L, I54V, G73ST, L90M",1,5,228.0,228.0,228.0,228.0,228.0,228.0
"L10F, M46I, I54V, G73S, V82A, L90M",1,6,226.0,226.0,226.0,226.0,226.0,226.0
"L10F, V32I, I54L, I84V, L90M",1,5,226.0,226.0,226.0,226.0,226.0,226.0
"L24I, L33F, F53FL, I54V, V82A",1,5,223.0,223.0,223.0,223.0,223.0,223.0
"L10F, V32I, L33F, M46MI, I47V, G73S, I84V, L90M",1,8,223.0,223.0,223.0,223.0,223.0,223.0
"L24LI, V32I, L33F, G48M, I54V, G73S, I84V, L89V",1,8,216.0,216.0,216.0,216.0,216.0,216.0
"L10F, L33F, M46L, I54V, G73S, V82VA, I84V, L90M",1,8,213.0,213.0,213.0,213.0,213.0,213.0
"L24I, M46I, I54V, V82T, I84V, L89V",1,6,211.0,211.0,211.0,211.0,211.0,211.0
"L24I, L33F, M46I, I50L",1,4,208.0,208.0,208.0,208.0,208.0,208.0
"L10F, V32I, L33F, I47IV, I54L, G73NS, I84V, L90M",1,8,207.0,207.0,207.0,207.0,207.0,207.0
"L10F, M46I, I47V, I54V, G73S, I84V, L90M",1,7,206.0,206.0,206.0,206.0,206.0,206.0
"L24I, V32I, L33F, M46L, I54V, V82A, I84V",1,7,206.0,206.0,206.0,206.0,206.0,206.0
"V32I, L33F, M46I, I47V, F53L, G73S, I84V, L90M",1,8,206.0,206.0,206.0,206.0,206.0,206.0
"M46L, I54V, G73S, L90M",1,4,204.0,204.0,204.0,204.0,204.0,204.0
"L10F, V32I, L33F, M46I, I54M, I84V, L89V, L90M",1,8,204.0,204.0,204.0,204.0,204.0,204.0
"L10F, M46I, I54V, G73S, L90M",1,5,203.0,203.0,203.0,203.0,203.0,203.0
"L10F, V32I, L33F, M46I, F53L, I84V, L90M",1,7,200.0,200.0,200.0,200.0,200.0,200.0
"L24I, L33F, G48M, I50V, F53L, I54A, V82A",1,7,200.0,200.0,200.0,200.0,200.0,200.0
"L10F, V32I, M46I, F53FL, I84V, L90M",1,6,200.0,200.0,200.0,200.0,200.0,200.0
"V32I, L33F, M46L, F53L, I54L, G73S, T74P, I84V, L89V, L90M",1,10,200.0,200.0,200.0,200.0,200.0,200.0
"L10F, M46I, I47V, I54IM, I84V, L90M",1,6,193.0,193.0,193.0,193.0,193.0,193.0
"L10F, L33F, M46I, I54V, T74P, I84V",1,6,189.0,189.0,189.0,189.0,189.0,189.0
"M46L, I54V, T74P, V82T, L89IV, L90M",1,6,189.0,189.0,189.0,189.0,189.0,189.0
"V32I, M46I, I47V, V82T, L89V, L90M",1,6,187.0,187.0,187.0,187.0,187.0,187.0
"L33F, I54V, V82T, I84V, L90M",1,5,187.0,187.0,187.0,187.0,187.0,187.0
"L33F, G48V, I50V, I54A, V82A, L90M",1,6,184.0,184.0,184.0,184.0,184.0,184.0
"V32I, L33F, I54M, I84V, L90M",1,5,184.0,184.0,184.0,184.0,184.0,184.0
"L24I, V32I, L33F, M46I, F53FL, I54L, V82A, I84IV",1,8,184.0,184.0,184.0,184.0,184.0,184.0
"I54V, G73GS, I84V, L90M",1,4,181.0,181.0,181.0,181.0,181.0,181.0
"L33LF, I54L, V82A, I84V, L89V, L90M",1,6,180.0,180.0,180.0,180.0,180.0,180.0
"L10F, L33F, M46I, I54L, I84V, L90M",1,6,178.0,178.0,178.0,178.0,178.0,178.0
"L10F, M46I, F53FL, G73S, T74P, I84AV, L89V, L90M",1,8,173.0,173.0,173.0,173.0,173.0,173.0
"L10F, V32I, L33F, I54IV, G73S, I84V, L89V, L90M",1,8,172.0,172.0,172.0,172.0,172.0,172.0
"L33F, M46I, F53L, V82F, I84V",1,5,172.0,172.0,172.0,172.0,172.0,172.0
"V32I, L33F, M46L, I54L, T74P, I84V, L90M",2,7,"224.0, 117.0",170.5,117.0,224.0,143.75,197.25
"V32I, L33F, I54L, G73S, V82A, I84V, L89V, L90M",1,8,170.0,170.0,170.0,170.0,170.0,170.0
"V32I, M46I, I47V, I54M, I84V, L89V, L90M",1,7,168.0,168.0,168.0,168.0,168.0,168.0
"V32I, L33F, M46I, I47V, I54M, L76V, I84V",1,7,167.0,167.0,167.0,167.0,167.0,167.0
"M46I, I54V, V82T, I84V",2,4,"10.0, 322.0",166.0,10.0,322.0,88.0,244.0
"M46L, I54V, G73S, V82A, L90M",2,5,"126.0, 197.0",161.5,126.0,197.0,143.75,179.25
"L24I, M46L, G48V, I54V, V82A",1,5,161.0,161.0,161.0,161.0,161.0,161.0
"M46I, I47V, I54V, I84V, L90M",1,5,161.0,161.0,161.0,161.0,161.0,161.0
"V32I, M46I, I47V, I50L, V82T, L90M",1,6,161.0,161.0,161.0,161.0,161.0,161.0
"V32I, L33F, M46I, I54M, G73S, V82A, L90M",2,7,"140.0, 182.0",161.0,140.0,182.0,150.5,171.5
"L10F, L33F, I54L, G73S, I84V, L90M",1,6,159.0,159.0,159.0,159.0,159.0,159.0
"L10F, M46L, I54V, G73S, I84V, L89V, L90M",1,7,158.0,158.0,158.0,158.0,158.0,158.0
"V32I, L33F, I47V, G73S, L89V, L90M",1,6,157.0,157.0,157.0,157.0,157.0,157.0
"L10F, M46I, I54V, G73S, I84V, L90M",3,6,"182.0, 155.0, 99.0",155.0,99.0,182.0,127.0,168.5
"V32I, L33F, I54L, I84V, L90M",1,5,153.0,153.0,153.0,153.0,153.0,153.0
"L10F, L33F, M46I, G73S, I84V, L90M",1,6,152.0,152.0,152.0,152.0,152.0,152.0
"V32I, M46I, I47V, V82T, I84V, L89V, L90LM",1,7,151.0,151.0,151.0,151.0,151.0,151.0
"V32I, L33F, M46MI, I47V, I54M, G73S, V82A, L89V, L90M",1,9,150.0,150.0,150.0,150.0,150.0,150.0
"V32I, L33F, G48M, I54S, T74P, V82T, I84V, L90LM",3,8,"148.0, 83.0, 179.0",148.0,83.0,179.0,115.5,163.5
"L10F, L33F, M46I, I54V, I84V, L90M",1,6,145.0,145.0,145.0,145.0,145.0,145.0
"L33F, M46L, I50L, L90M",1,4,144.0,144.0,144.0,144.0,144.0,144.0
"V32I, L33F, M46I, I47V, F53L, I54L, G73S, I84V, L89V, L90M",1,10,144.0,144.0,144.0,144.0,144.0,144.0
"L33F, F53L, I54V, V82A, L90M",1,5,143.0,143.0,143.0,143.0,143.0,143.0
"V32I, L33F, M46L, F53L, I54V, T74P, L90M",1,7,142.0,142.0,142.0,142.0,142.0,142.0
"L10F, M46MI, I54V, G73S, I84V, L90M",1,6,142.0,142.0,142.0,142.0,142.0,142.0
"L33F, M46I, I50L, I54V, V82A, L90M",2,6,"110.0, 173.0",141.5,110.0,173.0,125.75,157.25
"L10F, M46I, I54L, I84V, N88S",1,5,141.0,141.0,141.0,141.0,141.0,141.0
"L24I, L33F, F53L, I54L, V82A",1,5,141.0,141.0,141.0,141.0,141.0,141.0
"L33F, G48M, F53L, I54V, G73S, V82A, L90M",1,7,141.0,141.0,141.0,141.0,141.0,141.0
"L33F, M46I, I54V, G73S, V82A, L90M",1,6,139.0,139.0,139.0,139.0,139.0,139.0
"M46IV, G48V, I54T, V82A",1,4,138.0,138.0,138.0,138.0,138.0,138.0
"L24I, L33F, I54A, V82A",1,4,133.0,133.0,133.0,133.0,133.0,133.0
"M46I, I54V, V82T, I84V, L90M",5,5,"87.0, 80.0, 141.0, 297.0, 132.0",132.0,80.0,297.0,87.0,141.0
"L33F, M46L, I54M, G73S, V82A, L90M",1,6,132.0,132.0,132.0,132.0,132.0,132.0
"L10F, V32I, L33F, I47V, I54M, I84V, L89T, L90M",1,8,132.0,132.0,132.0,132.0,132.0,132.0
"M46I, I54V, T74P, L90M",2,4,"107.0, 153.0",130.0,107.0,153.0,118.5,141.5
"L10F, L33F, M46I, I54V, G73S, V82T, L90M",1,7,130.0,130.0,130.0,130.0,130.0,130.0
"M46L, G48V, I54V, V82A, I84V",2,5,"94.0, 164.0",129.0,94.0,164.0,111.5,146.5
"L10FI, L33F, I54V, I84V, L90M",1,5,129.0,129.0,129.0,129.0,129.0,129.0
"I54V, G73S, I84V, L90M",1,4,129.0,129.0,129.0,129.0,129.0,129.0
"V32I, M46L, I54V, V82A, L90M",1,5,128.0,128.0,128.0,128.0,128.0,128.0
"L33F, G48V, I54S, V82A",2,4,"114.0, 141.0",127.5,114.0,141.0,120.75,134.25
"V32I, L33F, M46I, I54IV, V82T, I84V",1,6,127.0,127.0,127.0,127.0,127.0,127.0
"V32I, M46I, I47V, I54M, V82AT, V82AT, L89V, L90M",1,8,127.0,127.0,127.0,127.0,127.0,127.0
"V32I, L33F, M46I, F53L, I84V, L90M",1,6,125.0,125.0,125.0,125.0,125.0,125.0
"V32I, L33F, M46I, I47V, I50L, V82A",1,6,123.0,123.0,123.0,123.0,123.0,123.0
"L33F, M46I, F53L, G73S, V82A, I84V, L90M",1,7,122.0,122.0,122.0,122.0,122.0,122.0
"V32I, I54V, G73S, L90M",1,4,121.0,121.0,121.0,121.0,121.0,121.0
"L33F, G48M, I54S, V82T",1,4,120.0,120.0,120.0,120.0,120.0,120.0
"L10F, L24I, L33F, I54V, I84V",1,5,120.0,120.0,120.0,120.0,120.0,120.0
"L10F, V32I, M46I, I47V, I54M, I84V, L89V, L90M",1,8,120.0,120.0,120.0,120.0,120.0,120.0
"M46MI, G48V, I54S, V82A, L90M",1,5,120.0,120.0,120.0,120.0,120.0,120.0
"V32I, M46I, F53L, I54L, V82A, L90M",1,6,119.0,119.0,119.0,119.0,119.0,119.0
"L10F, V32VI, M46I, I47V, I54V, G73S, L90M",1,7,118.0,118.0,118.0,118.0,118.0,118.0
"L24I, L33F, M46I, F53L, I54L, V82A",1,6,118.0,118.0,118.0,118.0,118.0,118.0
"L33F, M46L, I54V, G73S, I84V, L90M",2,6,"47.0, 186.0",116.5,47.0,186.0,81.75,151.25
"L33F, M46MI, I54V, G73S, V82A, L90M",1,6,116.0,116.0,116.0,116.0,116.0,116.0
"L24I, L33F, M46L, I54V, G73S, V82T",1,6,115.0,115.0,115.0,115.0,115.0,115.0
"L10F, M46I, I54V, G73S, I84V, L89V, L90M",1,7,115.0,115.0,115.0,115.0,115.0,115.0
"L10F, M46ML, I54V, G73S, I84V, L90M",1,6,115.0,115.0,115.0,115.0,115.0,115.0
"L10F, M46I, G73S, T74P, I84V, L89V, L90M",1,7,114.0,114.0,114.0,114.0,114.0,114.0
"V32I, L33F, M46I, F53L, I54L, V82A, L89V, L90M",1,8,112.0,112.0,112.0,112.0,112.0,112.0
"L33F, G48V, I50V, I54S, V82A",1,5,112.0,112.0,112.0,112.0,112.0,112.0
"G48V, I54T, V82A",4,3,"170.0, 45.0, 196.0, 51.0",110.5,45.0,196.0,49.5,176.5
"L33F, M46I, G48V, I54S, T74P, V82A",1,6,110.0,110.0,110.0,110.0,110.0,110.0
"I54V, I84V",1,2,110.0,110.0,110.0,110.0,110.0,110.0
"V32I, L33F, M46L, I54L, G73S, I84V, L89V, L90M",1,8,109.0,109.0,109.0,109.0,109.0,109.0
"L10F, F53FL, I54V, V82A, L90M",1,5,109.0,109.0,109.0,109.0,109.0,109.0
"L10F, V32I, L33F, I54V, G73S, I84V, L89V, L90M",2,8,"104.0, 111.0",107.5,104.0,111.0,105.75,109.25
"M46I, G48V, I54T, V82A, L90M",1,5,105.0,105.0,105.0,105.0,105.0,105.0
"L33F, M46L, I50L, V82A",3,4,"28.0, 214.0, 105.0",105.0,28.0,214.0,66.5,159.5
"L33F, I54L, G73S, V82A, L90M",2,5,"177.0, 27.0",102.0,27.0,177.0,64.5,139.5
"L33F, M46I, F53FL, I54S, G73S, V82A, L89V, L90M",1,8,101.0,101.0,101.0,101.0,101.0,101.0
"V32I, L33F, M46I, I47V, I54M, G73S, I84V, L89V, L90M",1,9,101.0,101.0,101.0,101.0,101.0,101.0
"L33F, I54V, V82A",2,3,"17.0, 185.0",101.0,17.0,185.0,59.0,143.0
"G48M, I54V, I84V, L90M",1,4,100.0,100.0,100.0,100.0,100.0,100.0
"L33F, M46I, F53L, I54L, T74P, I84V, L90M",1,7,100.0,100.0,100.0,100.0,100.0,100.0
"L33F, M46I, G48V, I50V, I54S, V82A",4,6,"90.0, 75.0, 116.0, 109.0",99.5,75.0,116.0,86.25,110.75
"L10F, L33F, I84V, L90M",3,4,"99.0, 128.0, 96.0",99.0,96.0,128.0,97.5,113.5
"V32I, L33F, M46I, I47V, F53FL, I54L, I84V, L90M",1,8,98.0,98.0,98.0,98.0,98.0,98.0
"L24I, L33F, M46I, I54V, V82A",1,5,98.0,98.0,98.0,98.0,98.0,98.0
"V32I, L33LF, M46I, I47V, I54M, G73S, I84IV, L89V, L90M",1,9,97.0,97.0,97.0,97.0,97.0,97.0
"V32I, M46I, F53L, I54V, L76V, V82A, L89V, L90M",1,8,96.0,96.0,96.0,96.0,96.0,96.0
"L10F, M46I, I54V, V82A, I84V, L90M",1,6,96.0,96.0,96.0,96.0,96.0,96.0
"I54V, G73GS, V82T, L90M",1,4,96.0,96.0,96.0,96.0,96.0,96.0
"M46L, I54V, V82F, I84V",1,4,94.0,94.0,94.0,94.0,94.0,94.0
"L10F, I50V, I54V, I84IV, L90M",1,5,94.0,94.0,94.0,94.0,94.0,94.0
"V32I, L33F, M46I, I47V, I54L, G73ST, I84V, L90M",1,8,92.0,92.0,92.0,92.0,92.0,92.0
"L10F, L33F, F53L, I54L, L90M",1,5,91.0,91.0,91.0,91.0,91.0,91.0
"L10LFV, V32I, L33F, M46I, I47V, I54M, I84V, L89V, L90M",1,9,91.0,91.0,91.0,91.0,91.0,91.0
"L10FI, V32I, L33F, M46I, I47V, I54L, I84V, L89V, L90M",1,9,91.0,91.0,91.0,91.0,91.0,91.0
"L24LIM, V32I, L33F, M46I, I47V, I54L, G73S, V82T, L89V, L90M",1,10,91.0,91.0,91.0,91.0,91.0,91.0
"V32I, L33F, M46MI, I47V, I54L, I84V, L90M",1,7,90.0,90.0,90.0,90.0,90.0,90.0
"V32I, L33F, M46I, I47V, F53L, I54L, G73S, L90M",1,8,89.0,89.0,89.0,89.0,89.0,89.0
"M46I, I54V, I84V, L90M",2,4,"157.0, 20.0",88.5,20.0,157.0,54.25,122.75
"V32I, L33F, M46I, I47V, I54M, G73S, V82A, L89V, L90M",1,9,88.0,88.0,88.0,88.0,88.0,88.0
"L33F, M46L, G73S, V82A, I84V, L90M",1,6,88.0,88.0,88.0,88.0,88.0,88.0
"L10F, M46L, I54V, I84V, L90M",2,5,"79.0, 97.0",88.0,79.0,97.0,83.5,92.5
"L10F, L24I, M46L, I54V, V82A, I84V",1,6,86.0,86.0,86.0,86.0,86.0,86.0
"L24I, V32I, L33F, M46L, I54L, V82A, I84V",1,7,86.0,86.0,86.0,86.0,86.0,86.0
"M46I, I47V, I54V, G73S, I84V, L90M",2,6,"89.0, 83.0",86.0,83.0,89.0,84.5,87.5
"L10F, L24I, M46I, I54V, I84V",1,5,85.0,85.0,85.0,85.0,85.0,85.0
"L10F, V32I, L33F, M46L, I54L, T74P, I84V, L90M",1,8,84.0,84.0,84.0,84.0,84.0,84.0
"V32VI, L33F, I47V, I54M, V82T, I84V, L90M",1,7,84.0,84.0,84.0,84.0,84.0,84.0
"L33F, M46MI, G48V, I54T, V82A",1,5,83.0,83.0,83.0,83.0,83.0,83.0
"L33F, M46L, G48M, T74P, V82A, I84V",1,6,83.0,83.0,83.0,83.0,83.0,83.0
"G48V, I50V, I54A, V82A, L90M",1,5,83.0,83.0,83.0,83.0,83.0,83.0
"L33F, G48V, I50V, I54T, V82A",1,5,82.0,82.0,82.0,82.0,82.0,82.0
"M46I, I47V, F53FL, I54M, I84V, L90M",1,6,82.0,82.0,82.0,82.0,82.0,82.0
"L10F, M46I, I54M, G73S, I84V, L89V, L90M",1,7,82.0,82.0,82.0,82.0,82.0,82.0
"L33F, M46L, F53L, V82VA, I84V, L90M",1,6,82.0,82.0,82.0,82.0,82.0,82.0
"L33F, M46L, I54V, L90M",1,4,82.0,82.0,82.0,82.0,82.0,82.0
"L24IK, F53L, I54V, V82A",1,4,81.0,81.0,81.0,81.0,81.0,81.0
"L33F, M46L, I54V, G73S, V82A, L90M",4,6,"54.0, 17.0, 700.0, 108.0",81.0,17.0,700.0,44.75,256.0
"V32I, L33F, F53L, I54V, G73S, L90M",1,6,79.0,79.0,79.0,79.0,79.0,79.0
"G48V, I54T, G73GS, V82A",1,4,78.0,78.0,78.0,78.0,78.0,78.0
"L10F, L24I, M46I, I54V, I84V, L89V",1,6,78.0,78.0,78.0,78.0,78.0,78.0
"M46I, I50L, G73S, L90M",1,4,78.0,78.0,78.0,78.0,78.0,78.0
"L10F, L24I, M46I, I54M, I84V, L89V",1,6,77.0,77.0,77.0,77.0,77.0,77.0
"L10F, M46I, I50L, I54V, G73S, V82A",1,6,76.0,76.0,76.0,76.0,76.0,76.0
"L33LF, M46L, G48V, I54V, V82A, I84V",1,6,76.0,76.0,76.0,76.0,76.0,76.0
"L33F, M46L, G48V, I54V, V82A, I84V",1,6,76.0,76.0,76.0,76.0,76.0,76.0
"L10F, V32I, L33F, I47V, I54M, L89V, L90M",2,7,"110.0, 41.0",75.5,41.0,110.0,58.25,92.75
"G48V, I54T, V82T",1,3,75.0,75.0,75.0,75.0,75.0,75.0
"L10F, M46I, I54V, V82A, L89V, L90M",1,6,75.0,75.0,75.0,75.0,75.0,75.0
"L10F, L33F, M46I, F53L, I54M, G73S, L90M",1,7,75.0,75.0,75.0,75.0,75.0,75.0
"V32I, L33F, M46I, I47V, F53L, I54V, G73S, V82T, L90M",1,9,75.0,75.0,75.0,75.0,75.0,75.0
"L33F, G48M, F53L, I54A, V82A",1,5,74.0,74.0,74.0,74.0,74.0,74.0
"L10LFV, M46I, I54V, I84V, L90M",1,5,74.0,74.0,74.0,74.0,74.0,74.0
"V32I, L33F, I54L, G73S, L76V, I84V, L89V, L90M",1,8,74.0,74.0,74.0,74.0,74.0,74.0
"L10F, L33F, M46L, I54V, I84V, L90M",2,6,"90.0, 57.0",73.5,57.0,90.0,65.25,81.75
"L33F, M46L, I54IV, T74P, V82F, I84V, L90M",1,7,73.0,73.0,73.0,73.0,73.0,73.0
"L24I, L33F, M46I, F53L, I54V, T74P",1,6,73.0,73.0,73.0,73.0,73.0,73.0
"L33F, G48M, I54S, V82A",1,4,72.0,72.0,72.0,72.0,72.0,72.0
"L33F, M46L, I54V, V82A, I84V, L90M",1,6,72.0,72.0,72.0,72.0,72.0,72.0
"V32I, L33F, M46I, I47V, F53L, I54M, G73S, V82A",1,8,70.0,70.0,70.0,70.0,70.0,70.0
"G48V, I54V, V82A, I84V",2,4,"84.0, 56.0",70.0,56.0,84.0,63.0,77.0
"V32I, M46I, F53L, I54V, L76V, V82T, L89V, L90M",1,8,70.0,70.0,70.0,70.0,70.0,70.0
"L10F, V32I, I54V, L90M",1,4,70.0,70.0,70.0,70.0,70.0,70.0
"V32I, L33F, M46I, I47V, I54M, V82T, L90M",1,7,70.0,70.0,70.0,70.0,70.0,70.0
"V32I, L33F, M46I, I54M, V82A, L90M",1,6,69.0,69.0,69.0,69.0,69.0,69.0
"L10F, L24I, L33F, M46L, I54V, V82A, I84V",2,7,"92.0, 46.0",69.0,46.0,92.0,57.5,80.5
"L10F, V32I, L33F, M46I, I47V, I54M, I84IV, L90M",2,8,"44.0, 92.0",68.0,44.0,92.0,56.0,80.0
"N88S, L90M",1,2,67.0,67.0,67.0,67.0,67.0,67.0
"L33F, M46L, G48M, I54S, T74P, V82A",1,6,67.0,67.0,67.0,67.0,67.0,67.0
"M46I, I54A, V82A, L89V, L90M",1,5,65.0,65.0,65.0,65.0,65.0,65.0
"L10F, L24I, V32VI, M46I, I54V, I84V",1,6,65.0,65.0,65.0,65.0,65.0,65.0
"L10F, M46I, I54V, G73S, V82T, I84V, L89V, L90M",1,8,65.0,65.0,65.0,65.0,65.0,65.0
"L33F, M46I, I54V, V82F, L90M",2,5,"7.4, 121.0",64.2,7.4,121.0,35.8,92.6
"L10F, M46I",1,2,63.0,63.0,63.0,63.0,63.0,63.0
"L10F, L24I, M46I, I54V, T74P, I84V",1,6,63.0,63.0,63.0,63.0,63.0,63.0
"L24I, M46I, I54A, V82A",1,4,63.0,63.0,63.0,63.0,63.0,63.0
"V32I, M46I, I47V, L90M",2,4,"101.0, 24.0",62.5,24.0,101.0,43.25,81.75
"M46I, I54V, V82F, L90M",3,4,"62.0, 72.0, 23.0",62.0,23.0,72.0,42.5,67.0
"V32I, I54V, G73S, V82T, L90M",1,5,62.0,62.0,62.0,62.0,62.0,62.0
"V32I, L33F, M46L, I47V, I54M, T74P, V82T, L90M",1,8,62.0,62.0,62.0,62.0,62.0,62.0
"V32I, M46I, I47V, I54M, V82A, L89V, L90M",1,7,62.0,62.0,62.0,62.0,62.0,62.0
"V32I, L33F, G73S, I84V, L90M",1,5,61.0,61.0,61.0,61.0,61.0,61.0
"L24I, L33F, M46L, I54V, G73S, V82A",1,6,61.0,61.0,61.0,61.0,61.0,61.0
"I54M, N88S",1,2,61.0,61.0,61.0,61.0,61.0,61.0
"L33F, I54V, V82A, L90M",1,4,60.0,60.0,60.0,60.0,60.0,60.0
"L10F, L33F, M46I, G73ST, I84V, L90M",1,6,60.0,60.0,60.0,60.0,60.0,60.0
"I54V, V82F, L89V, L90M",1,4,60.0,60.0,60.0,60.0,60.0,60.0
"M46L, I54V, G73S, V82T, L89V, L90M",2,6,"52.0, 68.0",60.0,52.0,68.0,56.0,64.0
"V32I, M46I, F53L, I54M, G73S, L89V, L90M",2,7,"108.0, 10.0",59.0,10.0,108.0,34.5,83.5
"L33F, I54V, G73S, V82A, I84V, L90M",1,6,59.0,59.0,59.0,59.0,59.0,59.0
"L10F, L33F, M46L, I54V, V82A, I84V, L90M",1,7,59.0,59.0,59.0,59.0,59.0,59.0
"M46I, G73S, V82T, L90M",1,4,59.0,59.0,59.0,59.0,59.0,59.0
"V32I, M46I, I47V, F53L, I84V",1,5,59.0,59.0,59.0,59.0,59.0,59.0
"L10F, M46L, I84V, L90M",1,4,59.0,59.0,59.0,59.0,59.0,59.0
"L33F, G48M, I54V, G73S, V82VA, L90M",1,6,59.0,59.0,59.0,59.0,59.0,59.0
"L33F, M46I, I47V, I54V, L90M",1,5,58.0,58.0,58.0,58.0,58.0,58.0
"L10F, L33F, M46I, I54V, V82A, I84V, L90M",1,7,58.0,58.0,58.0,58.0,58.0,58.0
"M46L, G48V, I54S, V82A",1,4,57.0,57.0,57.0,57.0,57.0,57.0
"L33F, M46L, G48MV, G48MV, I54T, V82T, I84V",1,7,57.0,57.0,57.0,57.0,57.0,57.0
"L24I, V32I, L33F, M46I, I47V, I54M, I84V",1,7,56.0,56.0,56.0,56.0,56.0,56.0
"M46MI, I54V, G73S, I84V, L90M",2,5,"24.0, 88.0",56.0,24.0,88.0,40.0,72.0
"L10F, L33F, I54V, G73S, I84V, L90M",1,6,56.0,56.0,56.0,56.0,56.0,56.0
"L33F, M46MI, I54L, G73S, V82A, L90M",1,6,56.0,56.0,56.0,56.0,56.0,56.0
"M46L, I54V, I84V, L89V, L90M",2,5,"56.0, 55.0",55.5,55.0,56.0,55.25,55.75
"L33F, I54V, T74P, I84V, L90M",1,5,55.0,55.0,55.0,55.0,55.0,55.0
"V32I, G48M, F53L, I54M, V82A, I84V, L90M",1,7,55.0,55.0,55.0,55.0,55.0,55.0
"L33F, I54V, I84V, L90M",2,4,"24.0, 86.0",55.0,24.0,86.0,39.5,70.5
"V32I, L33F, M46I, I54V, L76V, I84V, L90M",1,7,55.0,55.0,55.0,55.0,55.0,55.0
"L24I, L33F, M46L, I54V, V82A",4,5,"99.0, 33.0, 38.0, 70.0",54.0,33.0,99.0,36.75,77.25
"L24I, L33F, M46I, F53L, I54V, V82A, I84V",1,7,53.0,53.0,53.0,53.0,53.0,53.0
"V32I, L33F, M46I, I47V, I54L, V82A, L89V, L90M",1,8,53.0,53.0,53.0,53.0,53.0,53.0
"M46I, I47V, I54M, I84V, L90M",1,5,53.0,53.0,53.0,53.0,53.0,53.0
"M46I, I54IV, G73S, I84V, L90M",1,5,53.0,53.0,53.0,53.0,53.0,53.0
"L33F, M46L, I54V, V82T, I84V",1,5,53.0,53.0,53.0,53.0,53.0,53.0
"L10F, V32I, M46I, I47V, I54M, V82A, L89V, L90M",1,8,53.0,53.0,53.0,53.0,53.0,53.0
"V32I, M46I, F53L, I54M, G73S, L76V, L89V, L90M",1,8,52.0,52.0,52.0,52.0,52.0,52.0
"V32I, L33F, M46L, I54L, I84V, L89V, L90M",1,7,52.0,52.0,52.0,52.0,52.0,52.0
"V32I, M46I, I47V, I54M, V82A, L90M",1,6,52.0,52.0,52.0,52.0,52.0,52.0
"L10F, V32I, M46I, I84V",1,4,52.0,52.0,52.0,52.0,52.0,52.0
"V32I, L33F, I47V, I54L, L76V, V82A, I84V",1,7,51.0,51.0,51.0,51.0,51.0,51.0
"L24I, M46L, I54V, G73GS, V82A",1,5,51.0,51.0,51.0,51.0,51.0,51.0
"L10F, L33F, M46I, I54V, G73CS, V82A, L90M",1,7,50.0,50.0,50.0,50.0,50.0,50.0
"L10F, L33F, I54L, I84V, L90M",1,5,50.0,50.0,50.0,50.0,50.0,50.0
"L10FI, I54V, I84V, L90M",1,4,50.0,50.0,50.0,50.0,50.0,50.0
"I54V, G73S, V82A, L90M",2,4,"61.0, 38.0",49.5,38.0,61.0,43.75,55.25
"L33F, M46I, G48V, I50V, I54T, V82A",1,6,49.0,49.0,49.0,49.0,49.0,49.0
"L33LF, M46L, I54V, V82A, L90M",1,5,49.0,49.0,49.0,49.0,49.0,49.0
"L10F, I54M, G73S, I84V, L90M",1,5,49.0,49.0,49.0,49.0,49.0,49.0
"M46I, I50L, V82A, L90M",1,4,49.0,49.0,49.0,49.0,49.0,49.0
"M46I, I54V, V82A, L90M",3,4,"3.1, 51.0, 48.0",48.0,3.1,51.0,25.55,49.5
"L24I, V32I, M46I, I47V, V82A",1,5,48.0,48.0,48.0,48.0,48.0,48.0
"L10F, V32I, L33F, M46I, I47V, I54L, I84V",1,7,48.0,48.0,48.0,48.0,48.0,48.0
"L10F, M46I, I50V, F53L, I54V, L90M",1,6,47.0,47.0,47.0,47.0,47.0,47.0
"M46I, I54L, G73GS, I84V, L90M",1,5,47.0,47.0,47.0,47.0,47.0,47.0
"V32I, M46L, I47V, I54M, L89V, L90M",1,6,46.0,46.0,46.0,46.0,46.0,46.0
"I47V, G48M, F53L, I54V, V82T, I84V",1,6,46.0,46.0,46.0,46.0,46.0,46.0
"L10F, I54L, G73S, L76V, I84V, L90M",1,6,46.0,46.0,46.0,46.0,46.0,46.0
"M46I, I54V, G73S, I84V, L90M",1,5,45.0,45.0,45.0,45.0,45.0,45.0
"L10F, V32I, I47V, I54LP, G73S, L90M",1,6,45.0,45.0,45.0,45.0,45.0,45.0
"L10F, M46I, I50V, I54V, G73S, V82A, L89V, L90M",1,8,45.0,45.0,45.0,45.0,45.0,45.0
"V32I, M46I, V82A, I84V",1,4,45.0,45.0,45.0,45.0,45.0,45.0
"L10F, M46I, I50V, F53L, I54IL, T74P, L90M",1,7,45.0,45.0,45.0,45.0,45.0,45.0
"L10F, L33F, M46I, I54V, V82A, L89V",1,6,44.0,44.0,44.0,44.0,44.0,44.0
"G48V, F53L, I54A, V82A, L90LIM",1,5,44.0,44.0,44.0,44.0,44.0,44.0
"L24I, M46I, V82A",1,3,43.0,43.0,43.0,43.0,43.0,43.0
"V32I, M46I, I47V, F53FL, I54V, V82A, L90M",1,7,43.0,43.0,43.0,43.0,43.0,43.0
"V32I, L33F, I54V, V82A, L90M",1,5,42.0,42.0,42.0,42.0,42.0,42.0
"I54V, L90M",2,2,"11.0, 72.0",41.5,11.0,72.0,26.25,56.75
"L24I, V32I, L33F, M46L, I47V, I54L",1,6,41.0,41.0,41.0,41.0,41.0,41.0
"L33F, M46L, G48M, I54S, V82A",1,5,41.0,41.0,41.0,41.0,41.0,41.0
"L10F, L33F, I54L, I84V",1,4,41.0,41.0,41.0,41.0,41.0,41.0
"V32I, L33F, M46LV, I54V, G73S, L76V, V82VA, I84V, L89V",1,9,41.0,41.0,41.0,41.0,41.0,41.0
"V32I, L33F, M46I, I47V, I54V, G73S, V82A, L90M",1,8,40.0,40.0,40.0,40.0,40.0,40.0
"V32I, M46I, I47V, I84V",2,4,"33.0, 47.0",40.0,33.0,47.0,36.5,43.5
"L10F, L24I, L33F, M46I, F53FL, I54V, G73S, V82A",1,8,39.0,39.0,39.0,39.0,39.0,39.0
"V32I, M46I, F53L, I54V, L76V, V82A, L90M",1,7,39.0,39.0,39.0,39.0,39.0,39.0
"V32I, L33F, M46MI, I47V, I54M, G73S, L89V, L90M",1,8,39.0,39.0,39.0,39.0,39.0,39.0
"L10F, M46I, I54V, I84V, L89V, L90M",1,6,39.0,39.0,39.0,39.0,39.0,39.0
"M46I, I47V, F53L, I54V, I84V",2,5,"38.0, 39.0",38.5,38.0,39.0,38.25,38.75
"L10F, M46I, I84V, L90M",3,4,"38.0, 11.0, 59.0",38.0,11.0,59.0,24.5,48.5
"L10F, L24I, M46I, I54S",1,4,38.0,38.0,38.0,38.0,38.0,38.0
"V32I, L33F, M46I, I47V, I54M, I84V, L90M",3,7,"54.0, 17.0, 38.0",38.0,17.0,54.0,27.5,46.0
"L33F, M46L, I54V, G73S, V82T, I84IV, L90M",1,7,38.0,38.0,38.0,38.0,38.0,38.0
"L33F, M46I, I54V, V82T, L90M",1,5,38.0,38.0,38.0,38.0,38.0,38.0
"L33F, M46L, I54L, I84V, L90M",1,5,38.0,38.0,38.0,38.0,38.0,38.0
"L24I, M46I, I54V, G73S, V82T",2,5,"61.0, 14.0",37.5,14.0,61.0,25.75,49.25
"M46I, I54V, G73S, V82A, L90M",3,5,"37.0, 26.0, 50.0",37.0,26.0,50.0,31.5,43.5
"L10F, M46I, I47A, I84V, L90M",1,5,37.0,37.0,37.0,37.0,37.0,37.0
"L10F, L33F, M46I, I54V, T74PS, V82VA, I84V, L90M",1,8,37.0,37.0,37.0,37.0,37.0,37.0
"V32I, L33F, M46I, I47V, I54M, V82T, L89MV, L90M",1,8,37.0,37.0,37.0,37.0,37.0,37.0
"M46I, F53L, G73S, L90M",2,4,"30.0, 43.0",36.5,30.0,43.0,33.25,39.75
"G48V, F53L, I54V, V82A, L90M",2,5,"46.0, 27.0",36.5,27.0,46.0,31.75,41.25
"F53FL, I54V, G73S, V82A, L90M",1,5,36.0,36.0,36.0,36.0,36.0,36.0
"V32I, M46I, I47V, I54M, T74TP, V82T, L90M",1,7,35.0,35.0,35.0,35.0,35.0,35.0
"L33F, M46L, F53L, I54L, G73S",1,5,35.0,35.0,35.0,35.0,35.0,35.0
"L10F, I54V, I84V, L89V, L90M",1,5,35.0,35.0,35.0,35.0,35.0,35.0
"L10F, I84V",2,2,"49.0, 20.0",34.5,20.0,49.0,27.25,41.75
"I54L, G73S, I84V, L90M",2,4,"37.0, 32.0",34.5,32.0,37.0,33.25,35.75
"L10F, M46I, G48V, I54T, V82A",1,5,34.0,34.0,34.0,34.0,34.0,34.0
"L10F, V32I, L33F, I54L, L90M",1,5,34.0,34.0,34.0,34.0,34.0,34.0
"M46L, I54V, L90M",1,3,34.0,34.0,34.0,34.0,34.0,34.0
"L10F, L33F, F53FL, I54V, V82A",1,5,34.0,34.0,34.0,34.0,34.0,34.0
"V32I, L33F, M46L, I54M, G73S, I84V",1,6,34.0,34.0,34.0,34.0,34.0,34.0
"M46I, I47V, L89V, L90M",2,4,"18.0, 50.0",34.0,18.0,50.0,26.0,42.0
"L10F, I84V, L90M",2,3,"24.0, 43.0",33.5,24.0,43.0,28.75,38.25
"L10F, M46I, F53L, I54L, L90M",1,5,33.0,33.0,33.0,33.0,33.0,33.0
"L33F, M46L, F53L, T74P, V82A, L90M",1,6,32.0,32.0,32.0,32.0,32.0,32.0
"L10F, M46L, I54V, V82A, L90M",2,5,"13.0, 51.0",32.0,13.0,51.0,22.5,41.5
"G48V, I54V, V82A, L90M",2,4,"54.0, 10.0",32.0,10.0,54.0,21.0,43.0
"L33F, M46L, I54V, G73S, V82T, L90M",1,6,32.0,32.0,32.0,32.0,32.0,32.0
"V32VI, M46I, T74P, L90M",1,4,32.0,32.0,32.0,32.0,32.0,32.0
"V32I, L33F, M46L, V82T, I84V",1,5,32.0,32.0,32.0,32.0,32.0,32.0
"L10F, L33F, I54L, L90M",2,4,"5.9, 58.0",31.95,5.9,58.0,18.925,44.975
"M46I, I84V, N88S",1,3,31.0,31.0,31.0,31.0,31.0,31.0
"L24I, I54V, V82A, I84V",3,4,"7.1, 31.0, 38.0",31.0,7.1,38.0,19.05,34.5
"L10F, V32I, L33F, M46MIV, I47V, I54M, V82A, L90M",1,8,31.0,31.0,31.0,31.0,31.0,31.0
"V32I, L33F, I47V, I54M, G73S, L90M",1,6,31.0,31.0,31.0,31.0,31.0,31.0
"L24I, L33F, M46L, I54V, G73GCS, V82A",1,6,31.0,31.0,31.0,31.0,31.0,31.0
"V32I, L33F, M46I, I47V, I54M, V82A, L89LV, L90M",1,8,31.0,31.0,31.0,31.0,31.0,31.0
"L33F, M46I, F53L, I54V, G73S, V82A, L90M",1,7,31.0,31.0,31.0,31.0,31.0,31.0
"M46L, I54A, V82F, L90M",1,4,30.0,30.0,30.0,30.0,30.0,30.0
"V32I, L33F, M46I, I47V, I54M, I84IV",1,6,30.0,30.0,30.0,30.0,30.0,30.0
"V32I, M46I, F53L, V82A, L89V, L90M",1,6,30.0,30.0,30.0,30.0,30.0,30.0
"L24I, M46I, I54IV, G73S, V82T",1,5,30.0,30.0,30.0,30.0,30.0,30.0
"M46I, G73S, I84V, L89T, L90M",1,5,30.0,30.0,30.0,30.0,30.0,30.0
"L10F, L24I, L33F, M46I, I54V, I84V",2,6,"38.0, 21.0",29.5,21.0,38.0,25.25,33.75
"I54L, G73S, I84V, L89V, L90M",1,5,29.0,29.0,29.0,29.0,29.0,29.0
"L33F, G73S, I84V, L89V, L90M",1,5,29.0,29.0,29.0,29.0,29.0,29.0
"L10CF, V32I, L33F, M46I, I47V, I54M, V82T",1,7,29.0,29.0,29.0,29.0,29.0,29.0
"M46I, I54V, L90M",1,3,29.0,29.0,29.0,29.0,29.0,29.0
"M46I, F53L, I54V, G73S, V82A, L90M",1,6,28.0,28.0,28.0,28.0,28.0,28.0
"L33F, I54L, V82F, L90M",1,4,28.0,28.0,28.0,28.0,28.0,28.0
"L33F, M46I, I54L, V82A, L90M",3,5,"311.0, 28.0, 14.0",28.0,14.0,311.0,21.0,169.5
"G48V, I50V, I54V, V82A, L90M",1,5,28.0,28.0,28.0,28.0,28.0,28.0
"L33F, M46I, I54V, V82A, I84V, L90M",1,6,28.0,28.0,28.0,28.0,28.0,28.0
"L33F, M46MI, I50IV, F53L, I54V, V82A, L90M",1,7,27.0,27.0,27.0,27.0,27.0,27.0
"L10F, L33F, M46I, I54V, G73S, I84V, L90M",1,7,27.0,27.0,27.0,27.0,27.0,27.0
"L10F, V32I, L33F, M46I, I47V, F53L, I54L, L90M",1,8,27.0,27.0,27.0,27.0,27.0,27.0
"L10FI, I54M, G73S, I84V, L90M",1,5,27.0,27.0,27.0,27.0,27.0,27.0
"V32I, I54L, V82T, L90M",1,4,26.0,26.0,26.0,26.0,26.0,26.0
"L33LF, G48V, I54V, V82A, L90M",1,5,26.0,26.0,26.0,26.0,26.0,26.0
"I54V, I84V, L89V, L90M",1,4,26.0,26.0,26.0,26.0,26.0,26.0
"L33F, M46I, I54V, L76V",1,4,25.0,25.0,25.0,25.0,25.0,25.0
"L33F, I54V, V82T, I84V",1,4,25.0,25.0,25.0,25.0,25.0,25.0
"V32I, M46I, I47IV, F53L, I54V, V82A, L90M",1,7,25.0,25.0,25.0,25.0,25.0,25.0
"V32I, M46I, I47V, F53L, L90M",1,5,24.0,24.0,24.0,24.0,24.0,24.0
"M46I, I54V, G73S, V82T, L90M",1,5,24.0,24.0,24.0,24.0,24.0,24.0
"V32I, L33F, M46I, I47V, I50V, I54M, L90M",1,7,24.0,24.0,24.0,24.0,24.0,24.0
"L10F, I54M, G73S, L90M",1,4,24.0,24.0,24.0,24.0,24.0,24.0
"L10F, L33F, M46I, I54V, V82A, L90M",2,6,"20.0, 27.0",23.5,20.0,27.0,21.75,25.25
"L33F, M46L, G48M, I54M, V82A, I84V",2,6,"29.0, 18.0",23.5,18.0,29.0,20.75,26.25
"L10F, V32I, L33F, M46I, I47V, I54L, V82A, L90M",1,8,23.0,23.0,23.0,23.0,23.0,23.0
"L33F, M46L, I54V, T74PS, V82A, I84V, L90M",1,7,23.0,23.0,23.0,23.0,23.0,23.0
"L10F, L33F, M46ML, I54V, G73S, V82A, L90M",1,7,23.0,23.0,23.0,23.0,23.0,23.0
"L10F, L24I, L33F, F53L",1,4,23.0,23.0,23.0,23.0,23.0,23.0
"L24I, V32VI, L33F, M46I, I54L, T74P, V82A, I84V",1,8,23.0,23.0,23.0,23.0,23.0,23.0
"M46I, F53L, G73S, N88NS, L90M",1,5,23.0,23.0,23.0,23.0,23.0,23.0
"L33F, I54L, I84V, L90M",3,4,"23.0, 11.0, 43.0",23.0,11.0,43.0,17.0,33.0
"L10F, M46I, I47IV, F53L, G73S, L76V, L89V, L90M",1,8,23.0,23.0,23.0,23.0,23.0,23.0
"L10F, M46L, I54V, L90M",1,4,23.0,23.0,23.0,23.0,23.0,23.0
"L10F, L33F, L90M",1,3,22.0,22.0,22.0,22.0,22.0,22.0
"L10F, I50L",1,2,22.0,22.0,22.0,22.0,22.0,22.0
"M46I, F53L, I84V, L90M",1,4,22.0,22.0,22.0,22.0,22.0,22.0
"L33F, I54L, I84V, L90LM",1,4,22.0,22.0,22.0,22.0,22.0,22.0
"L33F, I54L, L89LV, L90M",1,4,22.0,22.0,22.0,22.0,22.0,22.0
"M46I, I54V, G73GS, V82A, L90M",1,5,22.0,22.0,22.0,22.0,22.0,22.0
"L24I, I54V, V82T, I84V",1,4,22.0,22.0,22.0,22.0,22.0,22.0
"M46L, G48V, V82A, I84V",1,4,22.0,22.0,22.0,22.0,22.0,22.0
"M46L, G48V, I54L, V82A, I84V",1,5,22.0,22.0,22.0,22.0,22.0,22.0
"V32I, M46I, I47V, I54M, I84V",1,5,22.0,22.0,22.0,22.0,22.0,22.0
"V32I, M46L, I54L, L90M",1,4,21.0,21.0,21.0,21.0,21.0,21.0
"L10F, M46I, G73GS, V82T, I84V",1,5,21.0,21.0,21.0,21.0,21.0,21.0
"L24I, L33F, M46I, I54M, I84V",1,5,21.0,21.0,21.0,21.0,21.0,21.0
"L33F, I54L, G73S, L90M",1,4,21.0,21.0,21.0,21.0,21.0,21.0
"M46I, F53L, I54V, V82A, L90M",1,5,21.0,21.0,21.0,21.0,21.0,21.0
"L10F, L33F, I54L, T74P, I84V",1,5,20.0,20.0,20.0,20.0,20.0,20.0
"G48V, I54V, V82A",8,3,"101.0, 29.0, 24.0, 16.0, 32.0, 1.8, 7.1, 10.0",20.0,1.8,101.0,9.275,29.75
"L10F, M46I, G73S, L76V, I84V, L89V, L90M",1,7,20.0,20.0,20.0,20.0,20.0,20.0
"L10F, V32I, M46I, I54L, L76V, V82A, L90MV",1,7,20.0,20.0,20.0,20.0,20.0,20.0
"L33F, G48V, I54L, V82A, I84V",1,5,20.0,20.0,20.0,20.0,20.0,20.0
"L33F, M46I, I54V, T74PS, V82T, I84V",1,6,20.0,20.0,20.0,20.0,20.0,20.0
"L10F, L33F, I54V, V82A",2,4,"30.0, 8.9",19.45,8.9,30.0,14.175,24.725
"M46I, F53L, G73S, V82T, L90M",1,5,19.0,19.0,19.0,19.0,19.0,19.0
"L10F, I54V, G73GS, V82A, L90M",1,5,19.0,19.0,19.0,19.0,19.0,19.0
"L10F, L24I, M46L, I54V, V82A",1,5,19.0,19.0,19.0,19.0,19.0,19.0
"L10F, M46I, G73S, V82T, I84V",1,5,19.0,19.0,19.0,19.0,19.0,19.0
"L10F, M46I, F53L, I54V, V82A, L90M",1,6,19.0,19.0,19.0,19.0,19.0,19.0
"M46I, I50L, V82A",1,3,19.0,19.0,19.0,19.0,19.0,19.0
"L10LF, I54L, I84V, L90M",1,4,19.0,19.0,19.0,19.0,19.0,19.0
"L24I, L33F, M46L, I54V, G73GS, V82A",1,6,19.0,19.0,19.0,19.0,19.0,19.0
"M46I, G48V, G73GS, V82T, I84V, L90M",1,6,19.0,19.0,19.0,19.0,19.0,19.0
"L33F, M46L, G73S, T74TP, I84V, L89V, L90M",1,7,19.0,19.0,19.0,19.0,19.0,19.0
"L33F, M46I, F53L, G73GS, L90M",1,5,19.0,19.0,19.0,19.0,19.0,19.0
"L10F, M46I, V82T, L90M",1,4,19.0,19.0,19.0,19.0,19.0,19.0
"V32I, L33LF, M46I, I47A, V82A",2,5,"30.0, 7.4",18.7,7.4,30.0,13.05,24.35
"L10CF, M46I, I54V, V82A, I84V",1,5,18.0,18.0,18.0,18.0,18.0,18.0
"M46I, G73S, I84V, L90M",3,4,"33.0, 18.0, 4.7",18.0,4.7,33.0,11.35,25.5
"M46I, T74P, I84V, L90M",1,4,18.0,18.0,18.0,18.0,18.0,18.0
"I54V, L89V, L90M",1,3,18.0,18.0,18.0,18.0,18.0,18.0
"I54V, V82T, L90M",2,3,"27.0, 8.8",17.9,8.8,27.0,13.350000000000001,22.45
"V32I, M46I, V82A, L90M",2,4,"7.3, 27.0",17.15,7.3,27.0,12.225,22.075
"L24I, M46I, F53L, V82T, I84V",1,5,17.0,17.0,17.0,17.0,17.0,17.0
"L10FI, M46I, I84V, L90M",1,4,17.0,17.0,17.0,17.0,17.0,17.0
"L10F, L24I, L33F, M46I, I54V, V82T",1,6,17.0,17.0,17.0,17.0,17.0,17.0
"V32I, L33F, M46I, I47V, I54L, I84V, L89T",1,7,17.0,17.0,17.0,17.0,17.0,17.0
"V32I, L33F, I54L, I84V",1,4,17.0,17.0,17.0,17.0,17.0,17.0
"L10F, I54V, I84IV, L90M",1,4,17.0,17.0,17.0,17.0,17.0,17.0
"G48V, I50V, I54A, V82T",1,4,17.0,17.0,17.0,17.0,17.0,17.0
"M46I, F53L, L76V, I84V, L90M",1,5,17.0,17.0,17.0,17.0,17.0,17.0
"L24I, I54V",1,2,17.0,17.0,17.0,17.0,17.0,17.0
"V32I, I54L",1,2,17.0,17.0,17.0,17.0,17.0,17.0
"L24I, L33F, M46I, I54L, I84V",1,5,17.0,17.0,17.0,17.0,17.0,17.0
"V32I, L33F, I47V, I54L, L89LV, L90M",2,6,"11.0, 23.0",17.0,11.0,23.0,14.0,20.0
"L10F, L33F, M46I, I47IV, I54M, V82A, L89V, L90M",1,8,17.0,17.0,17.0,17.0,17.0,17.0
"V32I, M46I, F53L, I54V, V82A, L90M",1,6,17.0,17.0,17.0,17.0,17.0,17.0
"L10F, I54L, I84V, L90M",1,4,17.0,17.0,17.0,17.0,17.0,17.0
"L33LF, I54L, V82A, I84V",1,4,17.0,17.0,17.0,17.0,17.0,17.0
"L10F, V32I, M46I, I47V, I54M, V82A, L90M",1,7,17.0,17.0,17.0,17.0,17.0,17.0
"G73S, I84V, L90M",6,3,"15.0, 21.0, 15.0, 18.0, 9.3, 31.0",16.5,9.3,31.0,15.0,20.25
"L10VF, L33F, M46L, I54V, G73S, V82A, L90M",1,7,16.0,16.0,16.0,16.0,16.0,16.0
"L24I, M46L, I54V, V82A",2,4,"13.0, 19.0",16.0,13.0,19.0,14.5,17.5
"L10F, L33F, M46I, I50V, I54L",1,5,16.0,16.0,16.0,16.0,16.0,16.0
"M46I, N88S, L90M",1,3,16.0,16.0,16.0,16.0,16.0,16.0
"L10F, V32I, I47V, I54M, G73S, L76V, V82A, L89V",1,8,16.0,16.0,16.0,16.0,16.0,16.0
"L10FV, V32I, L33F, M46I, I47V, I54M, L90M",1,7,16.0,16.0,16.0,16.0,16.0,16.0
"M46L, I50L, V82A",1,3,16.0,16.0,16.0,16.0,16.0,16.0
"V32I, M46MI, V82A, L89V",1,4,16.0,16.0,16.0,16.0,16.0,16.0
"I50L, G73S, L90M",1,3,16.0,16.0,16.0,16.0,16.0,16.0
"L10F, V32I, L33F, M46I, I47V, I54M, T74PS, L89MV, L90M",1,9,16.0,16.0,16.0,16.0,16.0,16.0
"M46I, I84V, L90M",8,3,"21.0, 30.0, 6.8, 2.6, 7.4, 10.0, 41.0, 24.0",15.5,2.6,41.0,7.25,25.5
"M46I, V82F, L90M",1,3,15.0,15.0,15.0,15.0,15.0,15.0
"I54V, V82T",1,2,15.0,15.0,15.0,15.0,15.0,15.0
"L10F, L33F, M46ML, I54V, G73S, L89V, L90M",1,7,15.0,15.0,15.0,15.0,15.0,15.0
"V32I, L33LF, M46I, I47V, F53L, I54V, V82A, L90M",1,8,15.0,15.0,15.0,15.0,15.0,15.0
"L10FI, M46L, I54M, V82A, L90M",1,5,15.0,15.0,15.0,15.0,15.0,15.0
"L10F, L33F, M46MI, I54V, V82A, L90M",1,6,15.0,15.0,15.0,15.0,15.0,15.0
"M46L, I54V, V82A, L90M",2,4,"7.3, 22.0",14.65,7.3,22.0,10.975,18.325
"M46I, I47V, L76V",2,3,"21.0, 7.2",14.1,7.2,21.0,10.65,17.55
"I54L, L90M",1,2,14.0,14.0,14.0,14.0,14.0,14.0
"M46L, I54L, G73S, V82T, L89V, L90M",1,6,14.0,14.0,14.0,14.0,14.0,14.0
"L33LF, M46L, I54L, V82A",1,4,14.0,14.0,14.0,14.0,14.0,14.0
"L10F, V32I, M46L, V82A, L90M",1,5,14.0,14.0,14.0,14.0,14.0,14.0
"L33F, M46I, I84V",1,3,14.0,14.0,14.0,14.0,14.0,14.0
"L10F, I54IL, V82A, I84V, L90M",1,5,14.0,14.0,14.0,14.0,14.0,14.0
"M46I, I54V, V82F, I84V",1,4,14.0,14.0,14.0,14.0,14.0,14.0
"L10F, L33F, M46I, I50V, I54L, G73S, V82A, L89V, L90M",1,9,14.0,14.0,14.0,14.0,14.0,14.0
"L10F, L33F, I54L, T74P, I84V, L90M",1,6,14.0,14.0,14.0,14.0,14.0,14.0
"M46I, I54V, V82A, I84IV, L90M",2,5,"15.0, 12.0",13.5,12.0,15.0,12.75,14.25
"L10F, L33F, I54V, L76V, V82A",2,5,"5.6, 21.0",13.3,5.6,21.0,9.45,17.15
"L10LFI, L33F, M46L, I54L, L90M",1,5,13.0,13.0,13.0,13.0,13.0,13.0
"I54M, L90M",1,2,13.0,13.0,13.0,13.0,13.0,13.0
"L24I, M46L, I54V, V82A, I84V",3,5,"7.5, 13.0, 19.0",13.0,7.5,19.0,10.25,16.0
"L33F, I54V, L90M",1,3,13.0,13.0,13.0,13.0,13.0,13.0
"L10F, V32I, M46I, I47V, I54L, I84V",1,6,13.0,13.0,13.0,13.0,13.0,13.0
"V32I, M46I, I47V, I54V, V82T, I84IV, L90M",1,7,13.0,13.0,13.0,13.0,13.0,13.0
"L10F, M46I, I54V, V82A, L90M",2,5,"17.0, 7.8",12.4,7.8,17.0,10.1,14.7
"L10F, F53L, I54L, I84V",1,4,12.0,12.0,12.0,12.0,12.0,12.0
"L33F, I50V, F53L, I54V, G73S, V82A, L89V",1,7,12.0,12.0,12.0,12.0,12.0,12.0
"L33F, I54V, V82A, I84V",1,4,12.0,12.0,12.0,12.0,12.0,12.0
"V32I, M46I, I47V, V82T",1,4,12.0,12.0,12.0,12.0,12.0,12.0
"L10LF, L33F, M46I, G73S, V82A, L90M",1,6,12.0,12.0,12.0,12.0,12.0,12.0
"M46I, I54L, G73S, V82T",1,4,12.0,12.0,12.0,12.0,12.0,12.0
"L10F, V32I, M46I, V82A, L90M",1,5,12.0,12.0,12.0,12.0,12.0,12.0
"L24LI, M46L, I54V, V82A",1,4,12.0,12.0,12.0,12.0,12.0,12.0
"L24I, L33F, M46I, I54M, V82A",1,5,12.0,12.0,12.0,12.0,12.0,12.0
"L24I, M46I, L90M",1,3,11.0,11.0,11.0,11.0,11.0,11.0
"V32I, M46I, I47V, I54M, V82A",1,5,11.0,11.0,11.0,11.0,11.0,11.0
"M46MI, I50V, I54V, L90M",1,4,11.0,11.0,11.0,11.0,11.0,11.0
"F53L, I54V, V82A, L90M",1,4,11.0,11.0,11.0,11.0,11.0,11.0
"L33F, I54V, V82F, L90M",1,4,11.0,11.0,11.0,11.0,11.0,11.0
"I54V, G73GS, V82A, L90M",1,4,11.0,11.0,11.0,11.0,11.0,11.0
"M46L, I84V, L90M",4,3,"9.4, 15.0, 3.7, 11.0",10.2,3.7,15.0,7.9750000000000005,12.0
"L24I, M46L, I54V, V82T",1,4,10.0,10.0,10.0,10.0,10.0,10.0
"L33F, M46L, I54L, V82A, L90M",1,5,10.0,10.0,10.0,10.0,10.0,10.0
"M46I, V82A, L90M",1,3,10.0,10.0,10.0,10.0,10.0,10.0
"L24I, M46I, F53FL, I54V",1,4,10.0,10.0,10.0,10.0,10.0,10.0
"M46L, I50V, V82A, L90M",1,4,10.0,10.0,10.0,10.0,10.0,10.0
"L10F, L24I, L33F, I54V, V82A",1,5,10.0,10.0,10.0,10.0,10.0,10.0
"V32I, M46I, I54V, L76V, V82A",1,5,10.0,10.0,10.0,10.0,10.0,10.0
"L10F, M46I, I54V, G73S, V82T, L90M",1,6,10.0,10.0,10.0,10.0,10.0,10.0
"I50L, G73S",1,2,9.9,9.9,9.9,9.9,9.9,9.9
"L10F, V32I, L33F, M46I, I47V, I50V, F53L, I54L, G73GS, T74P, V82A, L89V",2,12,"11.0, 8.8",9.9,8.8,11.0,9.350000000000001,10.45
"L33F, M46L, I54V, V82A, I84V",1,5,9.8,9.8,9.8,9.8,9.8,9.8
"I54M, I84V",1,2,9.8,9.8,9.8,9.8,9.8,9.8
"L33F, M46MI, I54V, T74P, V82A, L90M",1,6,9.8,9.8,9.8,9.8,9.8,9.8
"L33F, I50L",1,2,9.7,9.7,9.7,9.7,9.7,9.7
N88S,4,1,"56.0, 5.4, 8.3, 11.0",9.65,5.4,56.0,7.575000000000001,22.25
"I84V, L90M",4,2,"3.2, 3.2, 79.0, 16.0",9.6,3.2,79.0,3.2,31.75
"V32I, M46I, I47A, V82A, L90M",1,5,9.6,9.6,9.6,9.6,9.6,9.6
"L33F, M46L, I54V, V82T",1,4,9.6,9.6,9.6,9.6,9.6,9.6
"V32I, L33F, M46I, I47V, F53L, I54V, V82A, L90M",2,8,"9.7, 9.4",9.55,9.4,9.7,9.475,9.625
"M46I, G73S, V82F, L90M",1,4,9.5,9.5,9.5,9.5,9.5,9.5
"L10F, V32I, L33F, V82A, L90M",1,5,9.3,9.3,9.3,9.3,9.3,9.3
"L33F, I54M, G73S, L89V, L90M",1,5,9.3,9.3,9.3,9.3,9.3,9.3
"M46L, V82A, I84V, L90M",1,4,9.2,9.2,9.2,9.2,9.2,9.2
"M46L, I54V, V82T, I84V, L90M",1,5,9.2,9.2,9.2,9.2,9.2,9.2
"L10F, M46I, F53L, I54V, V82A",1,5,9.1,9.1,9.1,9.1,9.1,9.1
"L24I, M46I, V82T",1,3,9.1,9.1,9.1,9.1,9.1,9.1
"V32I, M46I, I47V, G73S",1,4,9.0,9.0,9.0,9.0,9.0,9.0
"L33F, I54L, V82A, L90M",1,4,8.8,8.8,8.8,8.8,8.8,8.8
"V32I, M46I, I47A",1,3,8.8,8.8,8.8,8.8,8.8,8.8
"M46MI, I50V, I54V, V82A, L89V, L90M",1,6,8.5,8.5,8.5,8.5,8.5,8.5
"F53L, L90M",1,2,8.4,8.4,8.4,8.4,8.4,8.4
"M46I, I54V, V82A, L89V, L90M",1,5,8.4,8.4,8.4,8.4,8.4,8.4
"L10F, V32I, L33F, M46I, I47V, I54M, V82A",2,7,"4.7, 12.0",8.35,4.7,12.0,6.525,10.175
"M46I, I54M, V82F",2,3,"7.2, 9.4",8.3,7.2,9.4,7.75,8.85
"M46MI, I54V, V82A, L90M",1,4,8.3,8.3,8.3,8.3,8.3,8.3
"L10FI, L33F, M46I, I54V, V82A, L90M",1,6,8.1,8.1,8.1,8.1,8.1,8.1
"V32I, M46I, I54V, L76V, L90M",1,5,7.8,7.8,7.8,7.8,7.8,7.8
"L10FI, L33F, M46L, I54L, G73CS, V82A, L89V, L90M",1,8,7.8,7.8,7.8,7.8,7.8,7.8
"F53L, G73S, L90M",1,3,7.7,7.7,7.7,7.7,7.7,7.7
"L24I, M46I, I54V, L76V, V82T",3,5,"11.0, 7.7, 7.7",7.7,7.7,11.0,7.7,9.35
"M46L, G73S, T74P, L90M",1,4,7.7,7.7,7.7,7.7,7.7,7.7
"L33F, I54L, I84V",1,3,7.6,7.6,7.6,7.6,7.6,7.6
"L10F, L33F, M46L, I54V, V82A, L90M",2,6,"7.0, 7.9",7.45,7.0,7.9,7.225,7.675000000000001
"I54V, V82F",1,2,7.4,7.4,7.4,7.4,7.4,7.4
"L10F, I54V",1,2,7.3,7.3,7.3,7.3,7.3,7.3
"L10F, L33F, M46I, I47V, I54V, V82A, I84V",1,7,7.3,7.3,7.3,7.3,7.3,7.3
"L33LF, M46I, I47V, F53L, I54V, V82A",1,6,6.8,6.8,6.8,6.8,6.8,6.8
"L10F, V32I, L33F, M46I, V82A, L90M",1,6,6.8,6.8,6.8,6.8,6.8,6.8
"V32I, L33F, M46MIL, M46MIL, I47A, V82A, L90M",1,7,6.8,6.8,6.8,6.8,6.8,6.8
"G73S, L90M",7,2,"11.0, 3.1, 25.0, 6.0, 11.0, 2.0, 6.7",6.7,2.0,25.0,4.55,11.0
"M46I, I54M, I84V",1,3,6.7,6.7,6.7,6.7,6.7,6.7
"L33F, M46I, I54V, V82A",1,4,6.6,6.6,6.6,6.6,6.6,6.6
"L10FV, V32I, M46I, I54V, L76V, L90M",1,6,6.6,6.6,6.6,6.6,6.6,6.6
"L10F, L24I, L33F, M46I, V82T",1,5,6.5,6.5,6.5,6.5,6.5,6.5
"L33F, M46I, I47V, F53L, I54V",1,5,6.5,6.5,6.5,6.5,6.5,6.5
"V32I, L33F, M46I, I47V, I50V, F53L, I54L, V82A, I84V",1,9,6.5,6.5,6.5,6.5,6.5,6.5
"T74P, L90M",1,2,6.4,6.4,6.4,6.4,6.4,6.4
"V32I, I47V, F53L",1,3,6.3,6.3,6.3,6.3,6.3,6.3
"I54V, G73S, V82A",1,3,6.3,6.3,6.3,6.3,6.3,6.3
"L33F, M46I, I54L, L76V, I84V, N88S",1,6,6.3,6.3,6.3,6.3,6.3,6.3
"M46I, G73S, L90M",4,3,"16.0, 2.7, 5.9, 6.4",6.15,2.7,16.0,5.1000000000000005,8.8
"M46I, N88S",3,2,"6.1, 2.7, 15.0",6.1,2.7,15.0,4.4,10.55
"V82F, L90M",1,2,6.1,6.1,6.1,6.1,6.1,6.1
"G73S, I84V, L89V, L90M",1,4,6.1,6.1,6.1,6.1,6.1,6.1
"L10F, N88S",1,2,6.0,6.0,6.0,6.0,6.0,6.0
"I54V, V82A, L90M",7,3,"16.0, 3.2, 100.0, 4.9, 16.0, 6.0, 3.5",6.0,3.2,100.0,4.2,16.0
"L10F, L33F, M46I, I54V, L76V, I84V",1,6,6.0,6.0,6.0,6.0,6.0,6.0
I50L,16,1,"3.5, 5.8, 10.0, 3.0, 8.8, 2.0, 7.9, 9.5, 6.0, 8.6, 5.4, 6.0, 5.2, 4.1, 0.5, 13.0",5.9,0.5,13.0,3.9499999999999997,8.65
"L33F, M46I, I54V, L76V, V82A, I84V",1,6,5.8,5.8,5.8,5.8,5.8,5.8
"M46I, I54V, I84IV, L90M",1,4,5.7,5.7,5.7,5.7,5.7,5.7
"L10F, M46I, I47V, I50V, I54V, G73S, V82A, L89V, L90M",1,9,5.7,5.7,5.7,5.7,5.7,5.7
"V82A, L90M",1,2,5.5,5.5,5.5,5.5,5.5,5.5
"I54L, V82A, L89V",1,3,5.5,5.5,5.5,5.5,5.5,5.5
"L33F, M46I, I50V, I54V, V82A, L89V",1,6,5.5,5.5,5.5,5.5,5.5,5.5
"M46L, L90M",3,2,"25.0, 5.4, 2.9",5.4,2.9,25.0,4.15,15.2
"L10F, M46I, I50V, I54L, L90M",1,5,5.4,5.4,5.4,5.4,5.4,5.4
"L10F, L33F, M46I, I54L, L90M",2,5,"5.3, 5.2",5.25,5.2,5.3,5.225,5.275
"L10F, L33F, M46L, I50V, V82T, L90M",2,6,"5.9, 4.5",5.2,4.5,5.9,4.85,5.550000000000001
"L24I, M46I, I54V, V82A",2,4,"1.8, 8.5",5.15,1.8,8.5,3.475,6.825
"V32I, L90M",3,2,"5.1, 5.0, 5.6",5.1,5.0,5.6,5.05,5.35
"V32I, I47A, F53L, L90M",1,4,5.1,5.1,5.1,5.1,5.1,5.1
"L33F, I84V, L90M",2,3,"8.1, 2.0",5.05,2.0,8.1,3.525,6.574999999999999
L24I,1,1,5.0,5.0,5.0,5.0,5.0,5.0
"I50V, N88S",1,2,4.9,4.9,4.9,4.9,4.9,4.9
"L33F, L90M",1,2,4.8,4.8,4.8,4.8,4.8,4.8
"L10F, V32I, L33F, M46I, I47V, I50V, I54L",1,7,4.8,4.8,4.8,4.8,4.8,4.8
"V32I, L33F, M46I, I47V, F53L, I54M, V82A",2,7,"5.7, 3.7",4.7,3.7,5.7,4.2,5.2
"G48V, I50V, I54V, V82T",1,4,4.6,4.6,4.6,4.6,4.6,4.6
"L10F, V32I, M46I, V82A",1,4,4.5,4.5,4.5,4.5,4.5,4.5
"V32I, L33F, I47A, V82A, L90M",1,5,4.4,4.4,4.4,4.4,4.4,4.4
"V32I, L33F, M46I, I47V, G73GS, L90M",1,6,4.4,4.4,4.4,4.4,4.4,4.4
V32I,3,1,"4.0, 6.3, 4.3",4.3,4.0,6.3,4.15,5.3
L10F,9,1,"7.4, 2.3, 1.5, 4.1, 7.6, 1.5, 6.7, 0.7, 4.3",4.1,0.7,7.6,1.5,6.7
"L10F, I54M, V82A",2,3,"4.2, 4.0",4.1,4.0,4.2,4.05,4.15
"M46L, I54V, V82A, I84V",1,4,3.9,3.9,3.9,3.9,3.9,3.9
"M46L, V82A, L90M",1,3,3.9,3.9,3.9,3.9,3.9,3.9
"I54V, V82F, L90M",1,3,3.8,3.8,3.8,3.8,3.8,3.8
"L24I, M46I, I54V, L76V, V82A",2,5,"2.3, 5.2",3.75,2.3,5.2,3.025,4.475
"V32I, L33F, I47V, I54M, L90LM",1,5,3.5,3.5,3.5,3.5,3.5,3.5
I54M,1,1,3.4,3.4,3.4,3.4,3.4,3.4
"L33F, M46L, I50V, V82A",1,4,3.4,3.4,3.4,3.4,3.4,3.4
G73S,2,1,"1.5, 5.1",3.3,1.5,5.1,2.4,4.199999999999999
"M46I, F53L, L76V, L90M",1,4,3.3,3.3,3.3,3.3,3.3,3.3
"L33F, M46I, I54V, V82A, L90M",1,5,3.3,3.3,3.3,3.3,3.3,3.3
"L33F, I54V",1,2,3.2,3.2,3.2,3.2,3.2,3.2
"L33F, I54L, L90M",1,3,3.2,3.2,3.2,3.2,3.2,3.2
"L10F, L24I, L33F, M46I, I54V, V82A",1,6,3.2,3.2,3.2,3.2,3.2,3.2
"L24I, L33F, M46L, F53L, L76V, V82A",1,6,3.2,3.2,3.2,3.2,3.2,3.2
"L24I, V82A",1,2,3.1,3.1,3.1,3.1,3.1,3.1
"M46I, I47V, L90M",1,3,3.1,3.1,3.1,3.1,3.1,3.1
"L24I, M46I, V82A, I84V",1,4,3.1,3.1,3.1,3.1,3.1,3.1
"L10F, M46L, I54L",1,3,3.0,3.0,3.0,3.0,3.0,3.0
"L33F, M46I, I50V, T74P, V82A, I84V",2,6,"3.3, 2.6",2.95,2.6,3.3,2.775,3.125
L90M,33,1,"4.0, 1.8, 1.4, 23.0, 11.0, 1.5, 3.3, 2.0, 2.1, 1.8, 1.2, 0.9, 1.7, 16.0, 1.5, 3.4, 9.5, 2.0, 3.1, 2.9, 2.0, 5.0, 3.6, 6.2, 2.8, 9.2, 1.2, 2.0, 1.1, 10.0, 1.1, 3.0, 5.5",2.8,0.9,23.0,1.7,5.0
V82A,1,1,2.8,2.8,2.8,2.8,2.8,2.8
"M46I, I54V, L76V, V82A, L90M",1,5,2.8,2.8,2.8,2.8,2.8,2.8
I84V,7,1,"1.6, 1.8, 1.7, 2.8, 6.1, 3.0, 3.2",2.8,1.6,6.1,1.75,3.1
V82F,2,1,"2.4, 3.1",2.75,2.4,3.1,2.575,2.925
"I54V, V82A",10,2,"2.3, 2.0, 1.5, 1.8, 1.7, 8.9, 3.1, 4.2, 6.6, 3.2",2.7,1.5,8.9,1.85,3.95
"V32I, L33F, M46I, I47V, L90M",1,5,2.7,2.7,2.7,2.7,2.7,2.7
"V32I, M46I, V82A",1,3,2.6,2.6,2.6,2.6,2.6,2.6
"M46I, V82T",1,2,2.6,2.6,2.6,2.6,2.6,2.6
"V32I, L33F, M46I, I47V, I54M, L76V",1,6,2.6,2.6,2.6,2.6,2.6,2.6
"V32I, L33F, M46MI, I47V, L90M",1,5,2.6,2.6,2.6,2.6,2.6,2.6
"M46I, L90M",18,2,"6.6, 3.8, 2.1, 2.3, 6.2, 4.9, 7.6, 1.2, 3.0, 2.4, 4.9, 2.7, 6.9, 1.0, 1.8, 1.8, 1.1, 1.0",2.55,1.0,7.6,1.8,4.9
"L33F, I54V, L76V, V82A",2,4,"1.3, 3.7",2.5,1.3,3.7,1.9000000000000001,3.1
"M46I, I54V, L76V, V82F, L90M",2,5,"2.2, 2.8",2.5,2.2,2.8,2.35,2.65
"M46L, V82A",2,2,"2.2, 2.8",2.5,2.2,2.8,2.35,2.65
"L10F, M46I, I50V, L89LV, L90M",1,5,2.5,2.5,2.5,2.5,2.5,2.5
"L24I, M46I, I54V, L76V",1,4,2.5,2.5,2.5,2.5,2.5,2.5
M46I,7,1,"6.9, 1.3, 38.0, 52.0, 2.4, 1.5, 2.2",2.4,1.3,52.0,1.85,22.45
M46L,1,1,2.4,2.4,2.4,2.4,2.4,2.4
"M46L, F53L, I54V, L76V, V82A",1,5,2.4,2.4,2.4,2.4,2.4,2.4
"L10F, I54V, V82A",1,3,2.3,2.3,2.3,2.3,2.3,2.3
"L10F, M46I, I54L, L76V, I84V",1,5,2.3,2.3,2.3,2.3,2.3,2.3
"L10F, V82A",2,2,"2.5, 1.9",2.2,1.9,2.5,2.05,2.35
"M46I, I50V, I54L",1,3,2.2,2.2,2.2,2.2,2.2,2.2
"L10F, L24LI, L33F, M46I, I50V, I54V, V82A",1,7,2.2,2.2,2.2,2.2,2.2,2.2
"M46I, I54L, I84V",1,3,2.1,2.1,2.1,2.1,2.1,2.1
"I50V, L90M",1,2,2.0,2.0,2.0,2.0,2.0,2.0
"F53L, V82A",4,2,"1.9, 1.9, 1.1, 2.1",1.9,1.1,2.1,1.7,1.95
"M46I, L76V, L90M",1,3,1.9,1.9,1.9,1.9,1.9,1.9
,40,1,"2.2, 1.8, 0.8, 2.9, 2.4, 1.4, 1.9, 3.4, 19.0, 0.7, 3.1, 2.6, 1.3, 0.7, 1.9, 2.0, 6.5, 0.4, 1.0, 5.6, 1.2, 1.5, 2.5, 3.5, 3.7, 10.0, 1.0, 1.9, 0.5, 9.9, 7.0, 2.5, 1.4, 1.1, 1.2, 0.5, 1.2, 1.8, 1.1, 0.6",1.85,0.4,19.0,1.1,2.95
"I54V, L76V, V82A",2,3,"2.9, 0.8",1.85,0.8,2.9,1.325,2.375
"M46I, I54M, L76V, V82A",1,4,1.8,1.8,1.8,1.8,1.8,1.8
"L10LF, V32I, L33F, I47V, I54M",1,5,1.8,1.8,1.8,1.8,1.8,1.8
"M46L, I54V, L76V, V82A",1,4,1.7,1.7,1.7,1.7,1.7,1.7
"M46I, I84V",1,2,1.7,1.7,1.7,1.7,1.7,1.7
"M46I, I50V, I54V, V82A",1,4,1.7,1.7,1.7,1.7,1.7,1.7
L33F,4,1,"0.7, 1.6, 2.7, 1.7",1.65,0.7,2.7,1.375,1.95
T74P,1,1,1.6,1.6,1.6,1.6,1.6,1.6
"M46I, I54L, L76V, I84V",1,4,1.6,1.6,1.6,1.6,1.6,1.6
I54L,2,1,"1.7, 1.4",1.5499999999999998,1.4,1.7,1.4749999999999999,1.625
"M46L, I54M, L76V, L89V",1,4,1.5,1.5,1.5,1.5,1.5,1.5
I50V,2,1,"0.7, 2.1",1.4,0.7,2.1,1.05,1.75
"M46I, I50V, L76V",4,3,"1.8, 1.6, 0.4, 1.0",1.3,0.4,1.8,0.85,1.6500000000000001
"L10F, L24I, L33F, M46I, I54V, L76V, V82A",2,7,"1.2, 1.4",1.2999999999999998,1.2,1.4,1.25,1.3499999999999999
"M46I, L76V, V82A",1,3,1.2,1.2,1.2,1.2,1.2,1.2
"M46I, I54V, V82A",1,3,1.0,1.0,1.0,1.0,1.0,1.0
"M46I, F53L, I54V, L76V, V82F",1,5,1.0,1.0,1.0,1.0,1.0,1.0
"L10F, M46IT, I50V, I54V, L76V",1,5,0.9,0.9,0.9,0.9,0.9,0.9
"M46I, I50V",1,2,0.9,0.9,0.9,0.9,0.9,0.9
"L33F, M46I",1,2,0.9,0.9,0.9,0.9,0.9,0.9
"M46I, I54V, L76V, V82A",5,4,"1.6, 0.8, 0.5, 171.0, 0.7",0.8,0.5,171.0,0.7,1.6
"L10F, M46I, I54V, V82A",1,4,0.8,0.8,0.8,0.8,0.8,0.8
"L10F, M46I, I54V, L76V, V82A",2,5,"0.6, 0.9",0.75,0.6,0.9,0.675,0.825
"M46L, I54V, L76V, V82A, L90M",1,5,0.7,0.7,0.7,0.7,0.7,0.7
"M46I, L76V, V82F",1,3,0.6,0.6,0.6,0.6,0.6,0.6
"L10F, M46L, L76V",1,3,0.6,0.6,0.6,0.6,0.6,0.6
"L10F, M46I, I50V, L76V",1,4,0.5,0.5,0.5,0.5,0.5,0.5
"L10FI, I54V, L76V, V82A, L89V, L90M",1,6,0.4,0.4,0.4,0.4,0.4,0.4
