"L33F, M46I, G48V, I50V, I54S, V82A",3,6,"500.0, 400.0, 500.0",500.0,400.0,500.0,450.0,500.0
"L10F, V32I, M46I, I54L, L76V, I84V, L89V, L90M",1,8,500.0,500.0,500.0,500.0,500.0,500.0
"V32I, L33F, M46I, I47V, I54L, I84V, L89T",1,7,500.0,500.0,500.0,500.0,500.0,500.0
"V32I, L33F, M46I, I47V, I54M, G73S, I84V, L89V, L90M",1,9,500.0,500.0,500.0,500.0,500.0,500.0
"L10F, V32I, L33F, M46I, I47V, I54L, G73S, I84V, L89V, L90M",1,10,500.0,500.0,500.0,500.0,500.0,500.0
"V32I, L33LF, M46I, I47A, V82A",2,5,"500.0, 500.0",500.0,500.0,500.0,500.0,500.0
"V32I, L33F, M46I, I47V, I54M, G73S, V82A, L89V, L90M",1,9,500.0,500.0,500.0,500.0,500.0,500.0
"L10F, L33F, M46I, I54V, V82A, L89V",1,6,500.0,500.0,500.0,500.0,500.0,500.0
"V32I, L33F, M46I, I47V, I54V, I84V, L90M",1,7,500.0,500.0,500.0,500.0,500.0,500.0
"M46L, G48V, I54V, L90M",1,4,500.0,500.0,500.0,500.0,500.0,500.0
"V32I, L33F, I47A, V82A, L90M",1,5,500.0,500.0,500.0,500.0,500.0,500.0
"V32I, L33F, I47V, G73S, L89V, L90M",1,6,500.0,500.0,500.0,500.0,500.0,500.0
"M46L, I54V, V82F, I84V",1,4,500.0,500.0,500.0,500.0,500.0,500.0
"V32I, L33F, M46L, I54L, T74P, V82VA, I84V, L90M",1,8,500.0,500.0,500.0,500.0,500.0,500.0
"V32I, L33LF, M46I, I47V, I54M, G73S, I84IV, L89V, L90M",1,9,500.0,500.0,500.0,500.0,500.0,500.0
"V32I, L33F, M46I, I47V, F53L, G73S, V82A, L90M",1,8,500.0,500.0,500.0,500.0,500.0,500.0
"V32I, M46L, I47V, I54M, I84V, L89V, L90M",1,7,500.0,500.0,500.0,500.0,500.0,500.0
"L10F, V32I, M46I, I47V, I54M, I84V, L89V, L90M",1,8,500.0,500.0,500.0,500.0,500.0,500.0
"V32I, M46I, I47A, V82A, L90M",1,5,500.0,500.0,500.0,500.0,500.0,500.0
"L33F, M46I, G48V, I50V, I54T, V82A",1,6,500.0,500.0,500.0,500.0,500.0,500.0
"L10F, M46I, I47A, I84V, L90M",1,5,500.0,500.0,500.0,500.0,500.0,500.0
"V32I, L33F, M46MIL, M46MIL, I47A, V82A, L90M",1,7,500.0,500.0,500.0,500.0,500.0,500.0
"L24I, M46I, I54V, L76V, V82T",3,5,"500.0, 500.0, 200.0",500.0,200.0,500.0,350.0,500.0
"G48V, I50V, I54A, V82A, L90M",1,5,500.0,500.0,500.0,500.0,500.0,500.0
"V32I, L33F, M46I, I47V, I54M, G73S, V82T, L90M",1,8,500.0,500.0,500.0,500.0,500.0,500.0
"V32I, L33F, M46I, I47V, F53L, I54L, I84V, L90M",3,8,"400.0, 200.0, 500.0",400.0,200.0,500.0,300.0,450.0
"L10F, L33F, M46I, I54V, V82T, L90M",1,6,400.0,400.0,400.0,400.0,400.0,400.0
"L10F, V32I, M46I, I47V, F53L, I54V, G73S, V82A, L90M",1,9,400.0,400.0,400.0,400.0,400.0,400.0
"L33F, G48M, F53L, I54V, G73S, V82A, L90M",1,7,400.0,400.0,400.0,400.0,400.0,400.0
"L10F, L33F, I54V, L76V, V82A",2,5,"500.0, 280.0",390.0,280.0,500.0,335.0,445.0
"L10F, M46I, I54V, G73S, V82A, L90M",1,6,376.0,376.0,376.0,376.0,376.0,376.0
"L10F, L33F, M46I, G73S, I84V, L90M",1,6,347.0,347.0,347.0,347.0,347.0,347.0
"L33F, G48V, I50V, I54S, V82A",1,5,324.0,324.0,324.0,324.0,324.0,324.0
"L10F, V32I, L33F, M46I, I47V, I54M, V82A",2,7,"136.0, 500.0",318.0,136.0,500.0,227.0,409.0
"L10F, M46I, I54V, V82A, I84V, L90M",1,6,314.0,314.0,314.0,314.0,314.0,314.0
"L33F, G48V, I50V, I54A, V82A, L90M",1,6,313.0,313.0,313.0,313.0,313.0,313.0
"V32I, L33F, M46MI, I47V, I54M, G73S, V82A, L89V, L90M",1,9,310.0,310.0,310.0,310.0,310.0,310.0
"V32I, L33F, M46I, I47V, F53L, I54M, G73S, V82A",1,8,306.0,306.0,306.0,306.0,306.0,306.0
"L10F, L33F, M46L, I54V, I84V, L90M",2,6,"500.0, 103.0",301.5,103.0,500.0,202.25,400.75
"L33F, M46I, I54V, V82F, L90M",2,5,"89.0, 500.0",294.5,89.0,500.0,191.75,397.25
"V32I, L33F, M46I, I47V, I54M, V82T, L90M",1,7,287.0,287.0,287.0,287.0,287.0,287.0
"L33F, G48V, I50V, I54T, V82A",1,5,286.0,286.0,286.0,286.0,286.0,286.0
"L10F, L33F, M46L, I54M, I84V, L90M",2,6,"500.0, 70.0",285.0,70.0,500.0,177.5,392.5
"L10F, V32I, L33F, I54V, G73S, I84V, L89V, L90M",2,8,"65.0, 500.0",282.5,65.0,500.0,173.75,391.25
"L33F, M46L, G48V, I54T, V82A, L90M",1,6,263.0,263.0,263.0,263.0,263.0,263.0
"V32I, M46I, F53L, I54V, L76V, V82A, L89V, L90M",1,8,262.0,262.0,262.0,262.0,262.0,262.0
"L10F, V32I, L33F, M46I, I47V, I54L, V82A, L90M",1,8,262.0,262.0,262.0,262.0,262.0,262.0
"L10F, M46I, I54V, L90M",2,4,"206.0, 316.0",261.0,206.0,316.0,233.5,288.5
"L24I, L33F, M46L, I54V, T74P, V82A, I84V",3,7,"260.0, 376.0, 211.0",260.0,211.0,376.0,235.5,318.0
"L33F, G48V, I54A, V82A, L90M",1,5,260.0,260.0,260.0,260.0,260.0,260.0
"L10F, V32I, L33F, M46MIV, I47V, I54M, V82A, L90M",1,8,260.0,260.0,260.0,260.0,260.0,260.0
"L33F, M46I, F53L, V82F, I84V",1,5,256.0,256.0,256.0,256.0,256.0,256.0
"M46I, I54V, L76V, V82F, L90M",2,5,"240.0, 270.0",255.0,240.0,270.0,247.5,262.5
"M46I, I50V, I54V, V82A, L90M",1,5,252.0,252.0,252.0,252.0,252.0,252.0
"V32VI, L33F, I47V, I54M, V82T, I84V, L90M",1,7,250.0,250.0,250.0,250.0,250.0,250.0
"V32I, M46I, F53L, I54V, L76V, V82T, L89V, L90M",1,8,248.0,248.0,248.0,248.0,248.0,248.0
"L33F, I54A, G73S, V82A, L90M",1,5,235.0,235.0,235.0,235.0,235.0,235.0
"L24I, V32I, L33F, M46L, I54V, V82T, I84V",1,7,234.0,234.0,234.0,234.0,234.0,234.0
"V32I, L33F, I47V, I54L, L76V, V82A, I84V",1,7,233.0,233.0,233.0,233.0,233.0,233.0
"L10F, V32I, L33F, M46I, I47V, I54L, I84V",1,7,232.0,232.0,232.0,232.0,232.0,232.0
"L10F, V32I, L33F, M46I, I47V, F53FL, I54L, V82A, L90M",1,9,223.0,223.0,223.0,223.0,223.0,223.0
"L24I, M46I, I54A, V82A",1,4,219.0,219.0,219.0,219.0,219.0,219.0
"V32I, L33F, M46I, I47V, F53L, I54L, G73S, V82A, L90M",1,9,213.0,213.0,213.0,213.0,213.0,213.0
"L10F, L33F, M46I, I54V, G73S, V82T, L90M",1,7,213.0,213.0,213.0,213.0,213.0,213.0
"L33F, M46L, I54V, T74P, V82A, I84V, L90M",2,7,"167.0, 256.0",211.5,167.0,256.0,189.25,233.75
"L33F, M46I, I54V, L76V",1,4,210.0,210.0,210.0,210.0,210.0,210.0
"L10F, M46I, I54V, V82A",1,4,210.0,210.0,210.0,210.0,210.0,210.0
"L10F, M46I, I47V, I54V, G73S, I84V, L90M",1,7,206.0,206.0,206.0,206.0,206.0,206.0
"L10F, L33F, M46I, I54V, G73S, V82T, I84V, L89V, L90M",1,9,200.0,200.0,200.0,200.0,200.0,200.0
"L10F, M46I, G73S, L76V, I84V, L89V, L90M",1,7,200.0,200.0,200.0,200.0,200.0,200.0
"L33F, M46L, I54V, G73S, T74P, V82T, I84V, L89V, L90M",1,9,200.0,200.0,200.0,200.0,200.0,200.0
"L24I, L33F, G48M, I50V, F53L, I54A, V82A",1,7,200.0,200.0,200.0,200.0,200.0,200.0
"L10F, M46I, I47IV, F53L, G73S, L76V, L89V, L90M",1,8,200.0,200.0,200.0,200.0,200.0,200.0
"L10F, V32I, M46I, I47V, I54M, V82A, L89V, L90M",1,8,200.0,200.0,200.0,200.0,200.0,200.0
"V32I, L33F, M46L, F53L, I54L, G73S, T74P, I84V, L89V, L90M",1,10,200.0,200.0,200.0,200.0,200.0,200.0
"L10F, V32I, L33F, I54L, T74P, I84V, L90M",1,7,200.0,200.0,200.0,200.0,200.0,200.0
"M46L, I54V, G73S, I84V, L90M",1,5,199.0,199.0,199.0,199.0,199.0,199.0
"V32I, L33F, M46I, I47V, I54L, V82A, L89V, L90M",1,8,198.0,198.0,198.0,198.0,198.0,198.0
"L24I, L33F, F53FL, I54V, V82A",1,5,198.0,198.0,198.0,198.0,198.0,198.0
"V32I, L33F, M46I, I47V, I54M, I84IV",1,6,197.0,197.0,197.0,197.0,197.0,197.0
"L10F, I50V, I54V, I84IV, L90M",1,5,196.0,196.0,196.0,196.0,196.0,196.0
"V32I, M46I, I47V, I54M, V82AT, V82AT, L89V, L90M",1,8,191.0,191.0,191.0,191.0,191.0,191.0
"L10LFV, V32I, L33F, M46I, I47V, I54M, I84V, L89V, L90M",1,9,189.0,189.0,189.0,189.0,189.0,189.0
"V32I, M46I, F53L, I54V, L76V, V82A, L90M",1,7,189.0,189.0,189.0,189.0,189.0,189.0
"L10F, V32I, L33F, M46I, I47V, I50V, F53L, I54L, G73GS, T74P, V82A, L89V",2,12,"198.0, 173.0",185.5,173.0,198.0,179.25,191.75
"L10F, V32I, I47V, I54M, G73S, L76V, V82A, L89V",1,8,185.0,185.0,185.0,185.0,185.0,185.0
"L10F, V32I, L33F, I47V, I54M, I84V, L89T, L90M",1,8,185.0,185.0,185.0,185.0,185.0,185.0
"G48V, I50V, I54V, V82A, L90M",1,5,185.0,185.0,185.0,185.0,185.0,185.0
"V32I, M46I, I47V, I54M, I84V, L89V, L90M",1,7,183.0,183.0,183.0,183.0,183.0,183.0
"L10F, L33F, M46I, I54V, T74P, I84V",1,6,181.0,181.0,181.0,181.0,181.0,181.0
"V32I, L33F, M46I, I47V, I50V, I54M, L90M",1,7,181.0,181.0,181.0,181.0,181.0,181.0
"L24I, L33F, I47IV, G48V, I54L, V82A, I84V, L90M",1,8,181.0,181.0,181.0,181.0,181.0,181.0
"V32I, L33F, I54L, G73S, L76V, I84V, L89V, L90M",1,8,180.0,180.0,180.0,180.0,180.0,180.0
"L10F, V32I, L33F, M46MI, I47V, G73S, I84V, L90M",1,8,179.0,179.0,179.0,179.0,179.0,179.0
"V32I, L33F, G48M, I54S, T74P, V82T, I84V, L90LM",3,8,"189.0, 121.0, 179.0",179.0,121.0,189.0,150.0,184.0
"L10F, L24I, L33F, M46I, I54V, L76V, V82A",2,7,"170.0, 186.0",178.0,170.0,186.0,174.0,182.0
"L10F, M46I, I47V, I54IM, I84V, L90M",1,6,178.0,178.0,178.0,178.0,178.0,178.0
"L33F, M46MI, I47IV, F53L, I54V, G73S, V82A, L90M",1,8,177.0,177.0,177.0,177.0,177.0,177.0
"L10F, V32I, M46I, F53FL, I84V, L90M",1,6,177.0,177.0,177.0,177.0,177.0,177.0
"V32I, M46I, I47V, I54M, I84V",1,5,177.0,177.0,177.0,177.0,177.0,177.0
"V32I, L33F, M46I, I47V, F53L, G73S, I84V, L90M",1,8,176.0,176.0,176.0,176.0,176.0,176.0
"V32I, L33F, M46I, I47V, I50V, F53L, I54L, V82A, I84V",1,9,175.0,175.0,175.0,175.0,175.0,175.0
"L10F, L33F, M46I, I54V, V82A, I84V, L90M",1,7,175.0,175.0,175.0,175.0,175.0,175.0
"V32I, L33F, M46MI, I47V, I54L, I84V, L90M",1,7,173.0,173.0,173.0,173.0,173.0,173.0
"V32I, L33F, M46I, I54V, L76V, I84V, L90M",1,7,173.0,173.0,173.0,173.0,173.0,173.0
"L10F, L24I, M46I, I54S",1,4,171.0,171.0,171.0,171.0,171.0,171.0
"L10F, V32I, L33F, I47IV, I54L, G73NS, I84V, L90M",1,8,171.0,171.0,171.0,171.0,171.0,171.0
"V32I, L33F, M46I, I47V, I54M, L76V, I84V",1,7,171.0,171.0,171.0,171.0,171.0,171.0
"L10F, V32I, L33F, I47V, F53L, I54L, L89T",1,7,169.0,169.0,169.0,169.0,169.0,169.0
"V32I, L33F, I54L, G73S, V82A, I84V, L89V, L90M",1,8,168.0,168.0,168.0,168.0,168.0,168.0
"L10FI, V32I, L33F, M46I, I47V, I54L, I84V, L89V, L90M",1,9,167.0,167.0,167.0,167.0,167.0,167.0
"V32I, L33F, M46I, I47V, I54L, G73ST, I84V, L90M",1,8,167.0,167.0,167.0,167.0,167.0,167.0
"L33F, M46L, I54M, G73S, V82A, L90M",1,6,166.0,166.0,166.0,166.0,166.0,166.0
"L10F, M46I, I47V, I50V, I54V, G73S, V82A, L89V, L90M",1,9,166.0,166.0,166.0,166.0,166.0,166.0
"L10F, L24I, L33F, M46L, I54V, V82A, I84V",2,7,"158.0, 172.0",165.0,158.0,172.0,161.5,168.5
"V32I, M46I, I47A",2,3,"120.0, 209.0",164.5,120.0,209.0,142.25,186.75
"L10F, L33F, M46I, I54V, I84V, L90M",1,6,162.0,162.0,162.0,162.0,162.0,162.0
"M46MI, I50V, I54V, V82A, L89V, L90M",1,6,160.0,160.0,160.0,160.0,160.0,160.0
"L10F, V32I, L33F, M46I, I47V, I54M, T74PS, L89MV, L90M",1,9,160.0,160.0,160.0,160.0,160.0,160.0
"L10F, L33F, M46I, I54V, G73CS, V82A, L90M",1,7,159.0,159.0,159.0,159.0,159.0,159.0
"L10F, L33F, M46I, I54V, L76V, I84V",1,6,159.0,159.0,159.0,159.0,159.0,159.0
"L10F, V32I, L33F, M46I, I47V, I54M, I84IV, L90M",2,8,"152.0, 164.0",158.0,152.0,164.0,155.0,161.0
"V32I, M46I, I47V, I54M, V82A, L89V, L90M",1,7,158.0,158.0,158.0,158.0,158.0,158.0
"L10F, M46L, I54V, G73S, I84V, L89V, L90M",1,7,158.0,158.0,158.0,158.0,158.0,158.0
"L10F, M46ML, I54V, G73S, I84V, L90M",1,6,157.0,157.0,157.0,157.0,157.0,157.0
"M46L, I54V, I84V, L89V",1,4,156.0,156.0,156.0,156.0,156.0,156.0
"L10F, L33F, M46I, I50V, I54L, G73S, V82A, L89V, L90M",1,9,156.0,156.0,156.0,156.0,156.0,156.0
"L33LF, G48V, F53L, I54T, V82A, L90M",1,6,151.0,151.0,151.0,151.0,151.0,151.0
"M46I, I54V, L76V, V82A, L90M",2,5,"79.0, 219.0",149.0,79.0,219.0,114.0,184.0
"V32I, L33F, M46I, I47V, F53L, I54L, G73S, I84V, L89V, L90M",1,10,149.0,149.0,149.0,149.0,149.0,149.0
"L33F, M46I, F53FL, I54S, G73S, V82A, L89V, L90M",1,8,148.0,148.0,148.0,148.0,148.0,148.0
"L24I, L33F, I54V, V82A",1,4,148.0,148.0,148.0,148.0,148.0,148.0
"V32I, L33F, M46I, I47V, I54M, V82A, L89LV, L90M",1,8,148.0,148.0,148.0,148.0,148.0,148.0
"M46MI, G48V, I54S, V82A, L90M",1,5,148.0,148.0,148.0,148.0,148.0,148.0
"L33F, M46L, I54L, V82A, I84V, L89IV, L90M",1,7,146.0,146.0,146.0,146.0,146.0,146.0
"V32I, L33F, M46MI, I47V, I54M, G73S, L89V, L90M",1,8,146.0,146.0,146.0,146.0,146.0,146.0
"L10F, L33F, M46ML, I54V, G73S, V82A, L90M",1,7,145.0,145.0,145.0,145.0,145.0,145.0
"L10F, V32I, L33F, M46I, I47V, F53L, I54L, L90M",1,8,145.0,145.0,145.0,145.0,145.0,145.0
"L33F, F53L, I54V, G73S, V82A, L90M",3,6,"185.0, 121.0, 144.0",144.0,121.0,185.0,132.5,164.5
"M46I, I54V, L90M",1,3,144.0,144.0,144.0,144.0,144.0,144.0
"M46L, F53L, I54V, L76V, V82A",1,5,143.0,143.0,143.0,143.0,143.0,143.0
"L10F, F53FL, I54V, V82A, L90M",1,5,143.0,143.0,143.0,143.0,143.0,143.0
"L10FI, L33F, M46I, I54V, V82A, L90M",1,6,142.0,142.0,142.0,142.0,142.0,142.0
"L10F, L33F, M46I, I54V, V82A, L90M",2,6,"149.0, 131.0",140.0,131.0,149.0,135.5,144.5
"V32I, L33F, M46I, I47V, F53FL, I54L, I84V, L90M",1,8,140.0,140.0,140.0,140.0,140.0,140.0
"V32I, M46I, I47V, V82T, L89V, L90M",1,6,139.0,139.0,139.0,139.0,139.0,139.0
"L33F, M46I, G48V, I54S, T74P, V82A",1,6,139.0,139.0,139.0,139.0,139.0,139.0
"V32I, L33F, M46I, I47V, F53L, I54V, G73S, V82T, L90M",1,9,139.0,139.0,139.0,139.0,139.0,139.0
"V32I, L33F, M46LV, I54V, G73S, L76V, V82VA, I84V, L89V",1,9,137.0,137.0,137.0,137.0,137.0,137.0
"L24I, L33F, I54A, V82A",1,4,136.0,136.0,136.0,136.0,136.0,136.0
"L10FI, L33F, M46L, I54V, T74P, I84V, L90M",1,7,136.0,136.0,136.0,136.0,136.0,136.0
"V32I, L33F, M46I, F53L, T74P, V82A, L90M",1,7,136.0,136.0,136.0,136.0,136.0,136.0
"M46I, I54V, V82F, I84V",1,4,136.0,136.0,136.0,136.0,136.0,136.0
"L10F, M46I, I54V, V82A, L89V, L90M",1,6,136.0,136.0,136.0,136.0,136.0,136.0
"L33F, M46L, I54IV, T74P, V82F, I84V, L90M",1,7,135.0,135.0,135.0,135.0,135.0,135.0
"L10F, I54L, G73S, L76V, I84V, L90M",1,6,135.0,135.0,135.0,135.0,135.0,135.0
"L10F, V32I, M46I, I47V, I54M, V82A, L90M",1,7,135.0,135.0,135.0,135.0,135.0,135.0
"L10F, L33F, M46I, I47V, I54V, V82A, I84V",1,7,134.0,134.0,134.0,134.0,134.0,134.0
"M46I, I47V, I54V, I84V, L90M",1,5,133.0,133.0,133.0,133.0,133.0,133.0
"L24LI, V32I, L33F, G48M, I54V, G73S, I84V, L89V",1,8,132.0,132.0,132.0,132.0,132.0,132.0
"L33F, M46I, I50V, I54V, V82A, L89V",1,6,132.0,132.0,132.0,132.0,132.0,132.0
"L24I, L33F, M46I, F53L, I54V, V82A, I84V",1,7,130.0,130.0,130.0,130.0,130.0,130.0
"L10F, L24I, L33F, M46I, F53FL, I54V, G73S, V82A",1,8,130.0,130.0,130.0,130.0,130.0,130.0
"L10F, V32I, L33F, I47V, I54M, L89V, L90M",2,7,"149.0, 111.0",130.0,111.0,149.0,120.5,139.5
"L24I, V32I, L33F, M46I, I47V, I54M, I84V",1,7,130.0,130.0,130.0,130.0,130.0,130.0
"G48M, F53L, I54V, V82A, I84V",1,5,130.0,130.0,130.0,130.0,130.0,130.0
"L10F, V32I, M46I, I54L, L76V, V82A, L90MV",1,7,130.0,130.0,130.0,130.0,130.0,130.0
"L33F, M46MI, I54V, G73S, V82A, L90M",1,6,129.0,129.0,129.0,129.0,129.0,129.0
"L33F, M46L, I54V, V82A, I84V, L90M",1,6,129.0,129.0,129.0,129.0,129.0,129.0
"L24I, L33F, M46L, I54V, G73S, V82A",1,6,129.0,129.0,129.0,129.0,129.0,129.0
"M46I, I47V, L76V",2,3,"104.0, 153.0",128.5,104.0,153.0,116.25,140.75
"L10F, L33F, M46L, I54V, V82A, I84V, L90M",1,7,127.0,127.0,127.0,127.0,127.0,127.0
"L24I, L33F, M46L, I54V, G73GS, V82A",1,6,127.0,127.0,127.0,127.0,127.0,127.0
"L24I, M46L, G48V, I54V, V82A",1,5,126.0,126.0,126.0,126.0,126.0,126.0
"L33F, M46I, I54V, T74P, V82T, I84V, L90M",1,7,125.0,125.0,125.0,125.0,125.0,125.0
"V32I, L33F, M46I, I47V, I54M, V82T, L89MV, L90M",1,8,125.0,125.0,125.0,125.0,125.0,125.0
"L10F, M46I, I47V, I54V",1,4,124.0,124.0,124.0,124.0,124.0,124.0
"V32I, L33F, M46I, I47V, I54V, G73S, V82A, L90M",1,8,123.0,123.0,123.0,123.0,123.0,123.0
"M46I, F53L, L76V, I84V, L90M",1,5,123.0,123.0,123.0,123.0,123.0,123.0
"L33F, G48M, I54S, V82A",1,4,123.0,123.0,123.0,123.0,123.0,123.0
"L10F, M46I, I54V, I84V, L90M",8,5,"97.0, 154.0, 249.0, 133.0, 111.0, 158.0, 61.0, 96.0",122.0,61.0,249.0,96.75,155.0
"L33F, G48V, I54V, V82A, I84V, L90M",1,6,122.0,122.0,122.0,122.0,122.0,122.0
"V32I, M46L, I54V, V82A, L90M",1,5,122.0,122.0,122.0,122.0,122.0,122.0
"L33F, M46I, I54L, L76V, I84V, N88S",1,6,122.0,122.0,122.0,122.0,122.0,122.0
"L33F, G48V, I54S, V82A",2,4,"117.0, 126.0",121.5,117.0,126.0,119.25,123.75
"L33F, M46I, I50V, T74P, V82A, I84V",2,6,"129.0, 112.0",120.5,112.0,129.0,116.25,124.75
"V32I, L33F, M46I, F53L, I54M, T74P, V82A, I84V, L89V, L90M",1,10,120.0,120.0,120.0,120.0,120.0,120.0
"M46L, I54V, L76V, V82A",1,4,120.0,120.0,120.0,120.0,120.0,120.0
"V32I, L33F, I47V, I54M, G73S, L90M",1,6,120.0,120.0,120.0,120.0,120.0,120.0
"L24LIM, V32I, L33F, M46I, I47V, I54L, G73S, V82T, L89V, L90M",1,10,119.0,119.0,119.0,119.0,119.0,119.0
"L24I, L33F, M46L, I54V, G73S, V82T",1,6,118.0,118.0,118.0,118.0,118.0,118.0
"L33F, M46MI, I50IV, F53L, I54V, V82A, L90M",1,7,118.0,118.0,118.0,118.0,118.0,118.0
"L10F, L33F, M46ML, I54V, G73S, L89V, L90M",1,7,118.0,118.0,118.0,118.0,118.0,118.0
"G48V, I50V, I54A, V82T",1,4,118.0,118.0,118.0,118.0,118.0,118.0
"L10F, L33F, M46I, I54V, T74PS, V82VA, I84V, L90M",1,8,118.0,118.0,118.0,118.0,118.0,118.0
"L10F, M46I, I54M, G73S, I84V, L89V, L90M",1,7,117.0,117.0,117.0,117.0,117.0,117.0
"V32I, M46I, I47V, I54M, V82A, L90M",1,6,117.0,117.0,117.0,117.0,117.0,117.0
"L10F, L33F, I54V, V82A",2,4,"145.0, 88.0",116.5,88.0,145.0,102.25,130.75
"M46I, I47V, I54V, G73S, I84V, L90M",2,6,"59.0, 174.0",116.5,59.0,174.0,87.75,145.25
"L33F, M46I, I47V, I54V, L90M",1,5,116.0,116.0,116.0,116.0,116.0,116.0
"L33F, F53L, I54V, V82A, L90M",1,5,116.0,116.0,116.0,116.0,116.0,116.0
"L24I, V32I, L33F, M46L, I54V, V82A, I84V",1,7,116.0,116.0,116.0,116.0,116.0,116.0
"L33F, M46I, I54V, V82A, L90M",2,5,"20.0, 211.0",115.5,20.0,211.0,67.75,163.25
"L24I, L33F, M46L, I54V, V82A",4,5,"180.0, 64.0, 113.0, 116.0",114.5,64.0,180.0,100.75,132.0
"L10F, L24I, M46I, I54V, I84V",1,5,114.0,114.0,114.0,114.0,114.0,114.0
"L24I, L33F, M46I, F53L, I54V, T74P",1,6,114.0,114.0,114.0,114.0,114.0,114.0
"L10F, L33F, M46I, G73ST, I84V, L90M",1,6,113.0,113.0,113.0,113.0,113.0,113.0
"L10F, L33F, M46I, I54V, G73S, I84V, L90M",1,7,113.0,113.0,113.0,113.0,113.0,113.0
"M46I, F53L, I54V, L76V, V82F",1,5,112.0,112.0,112.0,112.0,112.0,112.0
"L33F, M46L, I54V, G73S, V82A, L90M",5,6,"173.0, 112.0, 83.0, 500.0, 106.0",112.0,83.0,500.0,106.0,173.0
"I54V, V82F, L89V, L90M",1,4,112.0,112.0,112.0,112.0,112.0,112.0
"V32I, I47A, F53L, L90M",1,4,112.0,112.0,112.0,112.0,112.0,112.0
"L10F, L24I, L33F, I54V, I84V",1,5,109.0,109.0,109.0,109.0,109.0,109.0
"M46L, G48V, I54V, V82A, I84V",2,5,"110.0, 107.0",108.5,107.0,110.0,107.75,109.25
"L24I, M46L, F53L, I54V, V82A",1,5,108.0,108.0,108.0,108.0,108.0,108.0
"L33F, M46L, I54V, L76V, V82A",1,5,108.0,108.0,108.0,108.0,108.0,108.0
"L10F, V32I, L33F, M46I, F53L, I84V, L90M",1,7,108.0,108.0,108.0,108.0,108.0,108.0
"L33F, M46L, G48M, I54S, V82A",1,5,108.0,108.0,108.0,108.0,108.0,108.0
"L33F, I50V, F53L, I54V, G73S, V82A, L89V",1,7,106.0,106.0,106.0,106.0,106.0,106.0
"M46I, I54V, V82T, I84V",2,4,"17.0, 193.0",105.0,17.0,193.0,61.0,149.0
"M46L, G48V, I54S, V82A",1,4,105.0,105.0,105.0,105.0,105.0,105.0
"L33F, M46L, G48V, I54V, V82A, I84V",1,6,105.0,105.0,105.0,105.0,105.0,105.0
"L10F, L33F, M46L, I50V, V82T, L90M",2,6,"153.0, 56.0",104.5,56.0,153.0,80.25,128.75
"L24I, L33F, M46I, I54V, G73S, I84V",1,6,103.0,103.0,103.0,103.0,103.0,103.0
"V32I, M46I, I47V, I54M, T74TP, V82T, L90M",1,7,103.0,103.0,103.0,103.0,103.0,103.0
"L33F, M46I, I54V, G73S, V82A, L90M",1,6,103.0,103.0,103.0,103.0,103.0,103.0
"I54A, V82A, L90M",2,3,"108.0, 97.0",102.5,97.0,108.0,99.75,105.25
"L10F, M46I, I54V, G73S, I84V, L89V, L90M",1,7,102.0,102.0,102.0,102.0,102.0,102.0
"L10F, V32I, L33F, M46I, I54L, I84V, L90M",2,7,"76.0, 127.0",101.5,76.0,127.0,88.75,114.25
"G48M, I54V, V82A, L90M",1,4,101.0,101.0,101.0,101.0,101.0,101.0
"L10F, L24LI, L33F, M46I, I50V, I54V, V82A",1,7,101.0,101.0,101.0,101.0,101.0,101.0
"L10F, M46I, I50V, V82T, L89V, L90M",1,6,100.0,100.0,100.0,100.0,100.0,100.0
"L10F, M46I, F53FL, G73S, T74P, I84AV, L89V, L90M",1,8,100.0,100.0,100.0,100.0,100.0,100.0
"L10F, L33F, I54V, G73S, I84V, L90M",1,6,100.0,100.0,100.0,100.0,100.0,100.0
"L10CF, V32I, L33F, M46I, I47V, I54M, V82T",1,7,100.0,100.0,100.0,100.0,100.0,100.0
"L24I, L33F, M46L, F53L, L76V, V82A",1,6,100.0,100.0,100.0,100.0,100.0,100.0
"L33F, G48M, I54S, V82T",1,4,99.0,99.0,99.0,99.0,99.0,99.0
"G48V, I54T, V82A, I84IV",1,4,98.0,98.0,98.0,98.0,98.0,98.0
"L10F, V32I, L33F, M46I, I54M, I84V, L89V, L90M",1,8,98.0,98.0,98.0,98.0,98.0,98.0
"L33F, I54V, V82T, I84V, L90M",1,5,98.0,98.0,98.0,98.0,98.0,98.0
"M46I, I47V, F53FL, I54M, I84V, L90M",1,6,98.0,98.0,98.0,98.0,98.0,98.0
"L10F, L33F, F53FL, I54V, V82A",1,5,98.0,98.0,98.0,98.0,98.0,98.0
"L10FV, V32I, L33F, M46I, I47V, I54M, L90M",1,7,98.0,98.0,98.0,98.0,98.0,98.0
"L10IF, L24I, M46L, F53L, I54V, V82A",1,6,96.0,96.0,96.0,96.0,96.0,96.0
"L10F, M46I, I54V, G73S, I84V, L90M",3,6,"136.0, 96.0, 75.0",96.0,75.0,136.0,85.5,116.0
"V32I, L33F, M46L, I47V, I54M, T74P, V82T, L90M",1,8,95.0,95.0,95.0,95.0,95.0,95.0
"L10F, I54V, G73S, I84V, L90M",2,5,"76.0, 113.0",94.5,76.0,113.0,85.25,103.75
"M46I, G73S, L76V",1,3,94.0,94.0,94.0,94.0,94.0,94.0
"L10F, M46I, I50V, F53L, I54V, L90M",1,6,94.0,94.0,94.0,94.0,94.0,94.0
"L10F, M46L, I54V, I84V, L90M",2,5,"66.0, 122.0",94.0,66.0,122.0,80.0,108.0
"V32I, L33F, M46L, I54L, T74P, I84V, L90M",2,7,"117.0, 71.0",94.0,71.0,117.0,82.5,105.5
"L24I, M46I, I54V, L76V",1,4,94.0,94.0,94.0,94.0,94.0,94.0
"L33F, I54V, G73S, V82A, I84V, L90M",2,6,"130.0, 56.0",93.0,56.0,130.0,74.5,111.5
"L33F, M46MI, G48V, I54T, V82A",1,5,93.0,93.0,93.0,93.0,93.0,93.0
"L10LFV, V32I, L33F, I54L, G73S, I84V, L89V, L90M",1,8,93.0,93.0,93.0,93.0,93.0,93.0
"L33F, M46L, I54V, G73S, I84V, L90M",2,6,"27.0, 158.0",92.5,27.0,158.0,59.75,125.25
"M46I, I47V, F53L, I54V, I84V",2,5,"71.0, 113.0",92.0,71.0,113.0,81.5,102.5
"M46MI, I50V, I54V, L90M",1,4,92.0,92.0,92.0,92.0,92.0,92.0
"I54V, G73GS, I84V, L90M",1,4,92.0,92.0,92.0,92.0,92.0,92.0
"M46L, I54A, V82F, L90M",1,4,91.0,91.0,91.0,91.0,91.0,91.0
"L24IK, F53L, I54V, V82A",1,4,91.0,91.0,91.0,91.0,91.0,91.0
"V32I, L33LF, M46I, I47V, F53L, I54V, V82A, L90M",1,8,91.0,91.0,91.0,91.0,91.0,91.0
"L10F, V32I, L33F, M46L, I54L, T74P, I84V, L90M",1,8,91.0,91.0,91.0,91.0,91.0,91.0
"L33F, I54V, V82A",2,3,"48.0, 132.0",90.0,48.0,132.0,69.0,111.0
"L10F, M46I, I54V, L76V, V82A",2,5,"53.0, 125.0",89.0,53.0,125.0,71.0,107.0
"L10F, L24I, M46L, I54V, V82A, I84V",1,6,89.0,89.0,89.0,89.0,89.0,89.0
"L33F, M46L, G48V, I54V, G73S, V82A, I84V, L90M",1,8,87.0,87.0,87.0,87.0,87.0,87.0
"L33F, M46L, I54V, G73S, V82T, L90M",1,6,87.0,87.0,87.0,87.0,87.0,87.0
"G48V, I54S, V82A",1,3,87.0,87.0,87.0,87.0,87.0,87.0
"L24I, M46I, I54V, V82T, I84V, L89V",2,6,"74.0, 100.0",87.0,74.0,100.0,80.5,93.5
"V32I, L33F, M46L, I54L, G73S, I84V, L89V, L90M",1,8,87.0,87.0,87.0,87.0,87.0,87.0
"L10F, M46I, F53L, I84V, L90M",1,5,87.0,87.0,87.0,87.0,87.0,87.0
"L10F, L33F, M46L, I54V, V82A, L90M",2,6,"88.0, 83.0",85.5,83.0,88.0,84.25,86.75
"V32I, L33F, M46I, I47V, F53L, I54M, V82A",2,7,"105.0, 66.0",85.5,66.0,105.0,75.75,95.25
"M46I, I54V, V82F, L90M",7,4,"67.0, 66.0, 85.0, 500.0, 44.0, 160.0, 175.0",85.0,44.0,500.0,66.5,167.5
"L33F, G48M, F53L, I54A, V82A",1,5,85.0,85.0,85.0,85.0,85.0,85.0
"V32I, L33F, M46I, I47V, I54M, I84V, L90M",3,7,"162.0, 36.0, 85.0",85.0,36.0,162.0,60.5,123.5
"L33F, G48V, I54T, V82A, I84V",2,5,"106.0, 64.0",85.0,64.0,106.0,74.5,95.5
"L33F, M46L, F53L, V82VA, I84V, L90M",1,6,85.0,85.0,85.0,85.0,85.0,85.0
"L10F, L24I, L33F, M46I, I54V, I84V",2,6,"90.0, 79.0",84.5,79.0,90.0,81.75,87.25
"L33F, I54L, G73S, V82A, L90M",2,5,"153.0, 16.0",84.5,16.0,153.0,50.25,118.75
"L10F, M46I, G73S, T74P, I84V, L89V, L90M",1,7,84.0,84.0,84.0,84.0,84.0,84.0
"L10F, M46MI, I54V, G73S, I84V, L90M",1,6,84.0,84.0,84.0,84.0,84.0,84.0
"L33F, M46I, I54V, L76V, V82A, I84V",1,6,83.0,83.0,83.0,83.0,83.0,83.0
"V32I, L33F, M46I, V82A, I84V, L90M",1,6,83.0,83.0,83.0,83.0,83.0,83.0
"V32I, L33F, M46I, I47V, I54M, L76V",1,6,83.0,83.0,83.0,83.0,83.0,83.0
"M46I, I54L, L76V, I84V",1,4,83.0,83.0,83.0,83.0,83.0,83.0
"L10F, M46L, I54V, V82A, L90M",2,5,"67.0, 97.0",82.0,67.0,97.0,74.5,89.5
"L10F, I54V, G73GS, V82A, L90M",1,5,82.0,82.0,82.0,82.0,82.0,82.0
"V32I, M46L, I54V, G73S, V82A, L90M",1,6,82.0,82.0,82.0,82.0,82.0,82.0
"V32I, L33F, M46I, I47V, F53L, I54V, V82A, L90M",2,8,"96.0, 68.0",82.0,68.0,96.0,75.0,89.0
"M46I, I47V, I54V, I84V",1,4,80.0,80.0,80.0,80.0,80.0,80.0
"L10F, M46I, I54L, L76V, I84V",1,5,80.0,80.0,80.0,80.0,80.0,80.0
"L33LF, I54L, V82A, I84V, L89V, L90M",1,6,80.0,80.0,80.0,80.0,80.0,80.0
"V32I, M46I, I47V, F53FL, I54V, V82A, L90M",1,7,80.0,80.0,80.0,80.0,80.0,80.0
"L10F, M46I, I54V, G73S, L90M",1,5,80.0,80.0,80.0,80.0,80.0,80.0
"G48V, I54V, V82A, I84V",2,4,"85.0, 74.0",79.5,74.0,85.0,76.75,82.25
"L10F, M46I, I47V, I54V, I84V",1,5,79.0,79.0,79.0,79.0,79.0,79.0
"M46I, I54V, G73GS, V82A, L90M",1,5,79.0,79.0,79.0,79.0,79.0,79.0
"L24I, M46L, I54V, G73GS, V82A",1,5,79.0,79.0,79.0,79.0,79.0,79.0
"M46L, I54V, I84V, L89V, L90M",2,5,"90.0, 67.0",78.5,67.0,90.0,72.75,84.25
"M46I, I54V, L76V, V82A",5,4,"78.0, 86.0, 68.0, 105.0, 32.0",78.0,32.0,105.0,68.0,86.0
"V32I, M46I, I47V, F53L, L90M",1,5,78.0,78.0,78.0,78.0,78.0,78.0
"L10F, V32I, I47V, I54LP, G73S, L90M",1,6,78.0,78.0,78.0,78.0,78.0,78.0
"L10F, L33F, M46I, I54L, I84V, L90M",1,6,78.0,78.0,78.0,78.0,78.0,78.0
"M46I, I54V, V82T, I84V, L90M",5,5,"73.0, 77.0, 114.0, 161.0, 61.0",77.0,61.0,161.0,73.0,114.0
"L33F, M46L, G48V, I54V, V82A, I84V, L90M",1,7,77.0,77.0,77.0,77.0,77.0,77.0
"M46IV, G48V, I54T, V82A",1,4,77.0,77.0,77.0,77.0,77.0,77.0
"V32I, M46I, I47V, I84V",2,4,"78.0, 76.0",77.0,76.0,78.0,76.5,77.5
"M46I, I47V, I54M, I84V, L90M",1,5,76.0,76.0,76.0,76.0,76.0,76.0
"L10F, M46I, F53L, I54V, V82A, L90M",1,6,76.0,76.0,76.0,76.0,76.0,76.0
"L10F, L33F, M46MI, I54V, V82A, L90M",1,6,76.0,76.0,76.0,76.0,76.0,76.0
"L33F, M46L, G48M, T74P, V82A, I84V",1,6,76.0,76.0,76.0,76.0,76.0,76.0
"L10F, M46I, I54V, G73S, V82T, I84V, L89V, L90M",1,8,76.0,76.0,76.0,76.0,76.0,76.0
"L24I, M46I, I54V, L76V, V82A",2,5,"47.0, 104.0",75.5,47.0,104.0,61.25,89.75
"M46I, I54V",1,2,75.0,75.0,75.0,75.0,75.0,75.0
"M46I, I54A, V82A, L89V, L90M",1,5,75.0,75.0,75.0,75.0,75.0,75.0
"L10F, M46I, F53L, I54V, V82A",1,5,75.0,75.0,75.0,75.0,75.0,75.0
"L10F, L24I, L33F, I54V, V82A",1,5,75.0,75.0,75.0,75.0,75.0,75.0
"L33F, M46L, G48M, I54S, T74P, V82A",1,6,73.0,73.0,73.0,73.0,73.0,73.0
"L24I, V32I, L33F, M46L, I54LV, I54LV, V82A, I84V",1,8,73.0,73.0,73.0,73.0,73.0,73.0
"V32I, M46I, I47V, V82T, I84V, L89V, L90LM",1,7,73.0,73.0,73.0,73.0,73.0,73.0
"L10F, L24I, V32VI, M46I, I54V, I84V",1,6,73.0,73.0,73.0,73.0,73.0,73.0
"L33LF, M46L, I54V, V82A, L90M",1,5,73.0,73.0,73.0,73.0,73.0,73.0
"V32I, L33F, M46I, F53L, I54L, V82A, L89V, L90M",1,8,72.0,72.0,72.0,72.0,72.0,72.0
"L24I, V32I, M46I, I47V, V82A",1,5,72.0,72.0,72.0,72.0,72.0,72.0
"V32I, L33F, M46I, I47V, F53L, I54L, G73S, L90M",1,8,71.0,71.0,71.0,71.0,71.0,71.0
"V32I, L33F, I54L, G73S, I84V, L89V, L90M",1,7,71.0,71.0,71.0,71.0,71.0,71.0
"M46L, I54V, G73S, V82T, L89V, L90M",2,6,"71.0, 71.0",71.0,71.0,71.0,71.0,71.0
"M46L, I54V, T74P, V82T, L89IV, L90M",1,6,71.0,71.0,71.0,71.0,71.0,71.0
"L10F, L33F, M46L, I54V, G73S, V82VA, I84V, L90M",1,8,71.0,71.0,71.0,71.0,71.0,71.0
"V32I, M46L, I47V, I54M, L89V, L90M",1,6,70.0,70.0,70.0,70.0,70.0,70.0
"M46I, I54M, L76V, V82A",1,4,70.0,70.0,70.0,70.0,70.0,70.0
"L24I, L33F, M46L, I54V, G73GCS, V82A",1,6,70.0,70.0,70.0,70.0,70.0,70.0
"M46L, I54V, I84V",1,3,70.0,70.0,70.0,70.0,70.0,70.0
"L10F, V32I, L33F, M46I, I47V, I50V, I54L",1,7,70.0,70.0,70.0,70.0,70.0,70.0
"L24I, L33F, F53L, I54L, V82A",1,5,69.0,69.0,69.0,69.0,69.0,69.0
"L10F, M46I, G48V, I54T, V82A",1,5,69.0,69.0,69.0,69.0,69.0,69.0
"M46L, I50V, V82A, L90M",1,4,69.0,69.0,69.0,69.0,69.0,69.0
"L10F, L24I, M46I, I54M, I84V, L89V",1,6,69.0,69.0,69.0,69.0,69.0,69.0
"L33F, I54V, V82F, L90M",1,4,68.0,68.0,68.0,68.0,68.0,68.0
"M46L, I54V, G73S, V82A, L90M",2,5,"50.0, 86.0",68.0,50.0,86.0,59.0,77.0
"I54V, I84V, L90M",2,3,"34.0, 101.0",67.5,34.0,101.0,50.75,84.25
"L10F, L33F, M46I, I54V, T74P, I84V, L90M",1,7,67.0,67.0,67.0,67.0,67.0,67.0
"L10F, V32I, I47V, I54L, G73S, L90M",1,6,67.0,67.0,67.0,67.0,67.0,67.0
"L10CF, M46I, I54V, V82A, I84V",1,5,67.0,67.0,67.0,67.0,67.0,67.0
"M46L, G48V, I54T, V82A",3,4,"63.0, 86.0, 66.0",66.0,63.0,86.0,64.5,76.0
"L33LF, M46L, G48V, I54V, V82A, I84V",1,6,66.0,66.0,66.0,66.0,66.0,66.0
"L10F, L24I, M46I, I54V, I84V, L89V",1,6,66.0,66.0,66.0,66.0,66.0,66.0
"V32I, L33F, M46I, I54M, G73S, V82A, L90M",2,7,"56.0, 76.0",66.0,56.0,76.0,61.0,71.0
"G48V, I50V, I54V, V82T",1,4,65.0,65.0,65.0,65.0,65.0,65.0
"L10F, L33F, M46I, I84V, L90M",1,5,65.0,65.0,65.0,65.0,65.0,65.0
"L10F, I54V, I84V, L89V, L90M",1,5,65.0,65.0,65.0,65.0,65.0,65.0
"L10F, V32I, I54L, I84V, L90M",1,5,65.0,65.0,65.0,65.0,65.0,65.0
"L10VF, M46I, I54V, V82A, L90M",1,5,64.0,64.0,64.0,64.0,64.0,64.0
"V32I, M46I, I47V, I54M, V82A",1,5,64.0,64.0,64.0,64.0,64.0,64.0
"L10F, L24I, L33F, M46I, I54V, V82T",1,6,64.0,64.0,64.0,64.0,64.0,64.0
"L24I, V32I, L33F, M46I, F53FL, I54L, V82A, I84IV",1,8,64.0,64.0,64.0,64.0,64.0,64.0
"M46MI, I54V, G73S, I84V, L90M",2,5,"24.0, 103.0",63.5,24.0,103.0,43.75,83.25
"L33F, M46I, F53L, I54V, G73S, V82A, L90M",1,7,63.0,63.0,63.0,63.0,63.0,63.0
"V32I, L33F, M46L, I54L, I84V, L89V, L90M",1,7,63.0,63.0,63.0,63.0,63.0,63.0
"L10F, V32I, L33F, I54IV, G73S, I84V, L89V, L90M",1,8,62.0,62.0,62.0,62.0,62.0,62.0
"L24I, L33F, M46I, F53L, I54L, V82A",1,6,62.0,62.0,62.0,62.0,62.0,62.0
"V32I, M46I, I47V, I54V, V82T, I84IV, L90M",1,7,62.0,62.0,62.0,62.0,62.0,62.0
"L10F, M46I, I54V, I84V, L89V, L90M",1,6,62.0,62.0,62.0,62.0,62.0,62.0
"L33F, M46I, I54V, V82A, I84V, L90M",2,6,"60.0, 63.0",61.5,60.0,63.0,60.75,62.25
"L33LF, M46I, I47V, F53L, I54V, V82A",1,6,61.0,61.0,61.0,61.0,61.0,61.0
"M46I, F53L, I54V, G73ST, L90M",1,5,61.0,61.0,61.0,61.0,61.0,61.0
"L33F, I54L, V82F, L90M",1,4,61.0,61.0,61.0,61.0,61.0,61.0
"L33F, I54V, V82T, I84V",1,4,60.0,60.0,60.0,60.0,60.0,60.0
"V32I, L33F, M46I, I47IV, I54M, V82A",1,6,60.0,60.0,60.0,60.0,60.0,60.0
"M46I, I54V, V82A, L89V, L90M",1,5,60.0,60.0,60.0,60.0,60.0,60.0
"L10FV, V32I, M46I, I54V, L76V, L90M",1,6,60.0,60.0,60.0,60.0,60.0,60.0
"L10F, M46I, I54M",1,3,59.0,59.0,59.0,59.0,59.0,59.0
"L10F, M46IT, I50V, I54V, L76V",1,5,59.0,59.0,59.0,59.0,59.0,59.0
"L33F, M46L, I54V, V82T, I84V",1,5,59.0,59.0,59.0,59.0,59.0,59.0
"L10LF, L33F, M46I, G73S, V82A, L90M",1,6,59.0,59.0,59.0,59.0,59.0,59.0
"L10F, L24I, M46L, I54V, V82A",2,5,"34.0, 82.0",58.0,34.0,82.0,46.0,70.0
"I47V, G48M, F53L, I54V, V82T, I84V",1,6,58.0,58.0,58.0,58.0,58.0,58.0
"V32I, M46I, I47V, F53L, I84V",1,5,58.0,58.0,58.0,58.0,58.0,58.0
"L33F, M46I, F53L, I54L, T74P, I84V, L90M",1,7,58.0,58.0,58.0,58.0,58.0,58.0
"V32I, L33F, I54L, G73S, T74P, I84V, L89V, L90M",1,8,58.0,58.0,58.0,58.0,58.0,58.0
"V32I, M46I, I54V, L76V, V82A",1,5,58.0,58.0,58.0,58.0,58.0,58.0
"L33F, M46L, G73S, V82A, I84V, L90M",1,6,57.0,57.0,57.0,57.0,57.0,57.0
"L33F, I54V, V82A, L90M",2,4,"2.9, 110.0",56.45,2.9,110.0,29.674999999999997,83.225
"L24I, V32I, L33F, M46L, I47V, I54L",1,6,56.0,56.0,56.0,56.0,56.0,56.0
"M46I, I54V, T74TP, V82A",1,4,56.0,56.0,56.0,56.0,56.0,56.0
"M46I, I54V, N88S, L90M",1,4,56.0,56.0,56.0,56.0,56.0,56.0
"I54V, L76V, V82A",2,3,"20.0, 91.0",55.5,20.0,91.0,37.75,73.25
"L10F, L24I, M46I, F53FL, I54V, V82A",2,6,"59.0, 51.0",55.0,51.0,59.0,53.0,57.0
"L33F, M46L, I50V, V82A",1,4,55.0,55.0,55.0,55.0,55.0,55.0
"L10F, L33F, I54L, G73S, I84V, L90M",1,6,55.0,55.0,55.0,55.0,55.0,55.0
"L10F, L33F, M46I, I47IV, I54M, V82A, L89V, L90M",1,8,55.0,55.0,55.0,55.0,55.0,55.0
"M46I, I54V, I84V",2,3,"9.5, 99.0",54.25,9.5,99.0,31.875,76.625
"M46I, L76V, V82F",1,3,54.0,54.0,54.0,54.0,54.0,54.0
"M46L, I54V, G73S, L90M",1,4,54.0,54.0,54.0,54.0,54.0,54.0
"V32I, L33F, I54L, I84V, L90M",1,5,54.0,54.0,54.0,54.0,54.0,54.0
"L10FI, I54V, L76V, V82A, L89V, L90M",1,6,54.0,54.0,54.0,54.0,54.0,54.0
"L10F, M46L, I54V, L90M",2,4,"92.0, 15.0",53.5,15.0,92.0,34.25,72.75
"L33F, I54V, I84V, L90M",2,4,"45.0, 61.0",53.0,45.0,61.0,49.0,57.0
"M46L, I54V, T74P, I84V, L90M",1,5,53.0,53.0,53.0,53.0,53.0,53.0
"L33F, M46L, I54V, V82A, L90M",4,5,"48.0, 71.0, 48.0, 57.0",52.5,48.0,71.0,48.0,60.5
"L10F, I54V, L90M",2,3,"53.0, 51.0",52.0,51.0,53.0,51.5,52.5
"M46I, F53L, I54V, G73S, V82A, L90M",1,6,52.0,52.0,52.0,52.0,52.0,52.0
"L10F, V32I, L33F, I54L, I84V, L89V, L90M",1,7,51.0,51.0,51.0,51.0,51.0,51.0
"V32I, I54V, I84V",1,3,51.0,51.0,51.0,51.0,51.0,51.0
"V32I, L33F, I54M, I84V, L90M",1,5,51.0,51.0,51.0,51.0,51.0,51.0
"L33F, M46I, I54L, V82A, L90M",3,5,"292.0, 51.0, 26.0",51.0,26.0,292.0,38.5,171.5
"L10F, M46I, I54V, G73S",1,4,50.0,50.0,50.0,50.0,50.0,50.0
"L24I, F53L, I54V, G73S, V82A",1,5,50.0,50.0,50.0,50.0,50.0,50.0
"L24I, M46I, I54V, G73S, V82T",2,5,"81.0, 19.0",50.0,19.0,81.0,34.5,65.5
"M46I, G48V, I54T, V82A, L90M",1,5,49.0,49.0,49.0,49.0,49.0,49.0
"L33F, M46L, I54V, T74PS, V82A, I84V, L90M",1,7,49.0,49.0,49.0,49.0,49.0,49.0
"L24I, V32I, L33F, M46L, I54L, V82A, I84V",1,7,49.0,49.0,49.0,49.0,49.0,49.0
"V32I, L33F, M46L, I54M, G73S, I84V",1,6,49.0,49.0,49.0,49.0,49.0,49.0
"L24I, L33F, M46I, I54V, V82A",1,5,49.0,49.0,49.0,49.0,49.0,49.0
"I54V, I84V, L89V, L90M",1,4,49.0,49.0,49.0,49.0,49.0,49.0
"I54V, G73GS, V82T, L90M",1,4,49.0,49.0,49.0,49.0,49.0,49.0
"L10F, M46I, I54V, V82A, L90M",4,5,"22.0, 51.0, 46.0, 65.0",48.5,22.0,65.0,40.0,54.5
"M46I, I54V, I84V, L90M",2,4,"69.0, 28.0",48.5,28.0,69.0,38.25,58.75
"V32I, M46I, I47IV, F53L, I54V, V82A, L90M",1,7,48.0,48.0,48.0,48.0,48.0,48.0
"L33F, M46I, F53L, G73S, V82A, I84V, L90M",1,7,48.0,48.0,48.0,48.0,48.0,48.0
"L10F, V32VI, M46I, I47V, I54V, G73S, L90M",1,7,48.0,48.0,48.0,48.0,48.0,48.0
"L33F, M46L, F53L, T74P, V82A, L90M",1,6,47.0,47.0,47.0,47.0,47.0,47.0
"L10VF, L33F, M46L, I54V, G73S, V82A, L90M",1,7,47.0,47.0,47.0,47.0,47.0,47.0
"V32I, L33F, M46I, I54IV, V82T, I84V",1,6,47.0,47.0,47.0,47.0,47.0,47.0
"L33F, M46I, I54V, L76V, L90M",1,5,46.0,46.0,46.0,46.0,46.0,46.0
"I54V, V82F",1,2,46.0,46.0,46.0,46.0,46.0,46.0
"G48V, I54T, V82T",1,3,46.0,46.0,46.0,46.0,46.0,46.0
"L33F, M46I, I54V, T74P, I84V, L90M",1,6,46.0,46.0,46.0,46.0,46.0,46.0
"L10LFV, M46I, I54V, I84V, L90M",1,5,46.0,46.0,46.0,46.0,46.0,46.0
"L10F, L24I, L33F, M46I, I54V, V82A",1,6,46.0,46.0,46.0,46.0,46.0,46.0
"M46I, I54V, V82A, L90M",4,4,"13.0, 43.0, 76.0, 48.0",45.5,13.0,76.0,35.5,55.0
"I54V, G73S, V82A, L90M",2,4,"44.0, 47.0",45.5,44.0,47.0,44.75,46.25
"L24I, M46I, V82A",1,3,45.0,45.0,45.0,45.0,45.0,45.0
"L33F, I54V, V82A, I84V",1,4,45.0,45.0,45.0,45.0,45.0,45.0
"M46I, I54V, T74P, L90M",2,4,"36.0, 54.0",45.0,36.0,54.0,40.5,49.5
"V32I, L33F, M46I, F53L, I54L, I84V, L90M",1,7,45.0,45.0,45.0,45.0,45.0,45.0
"I54V, G73GS, V82A, L90M",1,4,45.0,45.0,45.0,45.0,45.0,45.0
"L33F, I54V, L76V, V82A",2,4,"13.0, 76.0",44.5,13.0,76.0,28.75,60.25
"F53FL, I54V, G73S, V82A, L90M",1,5,44.0,44.0,44.0,44.0,44.0,44.0
"M46I, I54V, V82A, I84IV, L90M",2,5,"49.0, 39.0",44.0,39.0,49.0,41.5,46.5
"V32I, M46I, I54V, L76V, L90M",1,5,44.0,44.0,44.0,44.0,44.0,44.0
"G48V, I54T, V82A",4,3,"72.0, 30.0, 54.0, 33.0",43.5,30.0,72.0,32.25,58.5
"L33F, M46MI, I54V, L76V, I84V",1,5,43.0,43.0,43.0,43.0,43.0,43.0
"L24I, L33F, I54V, V82A, I84V",1,5,43.0,43.0,43.0,43.0,43.0,43.0
"M46ML, G48V, I54V, V82A, L90M",1,5,43.0,43.0,43.0,43.0,43.0,43.0
"L10FI, L33F, I54V, I84V, L90M",1,5,43.0,43.0,43.0,43.0,43.0,43.0
"G48M, I54V, I84V, L90M",1,4,43.0,43.0,43.0,43.0,43.0,43.0
"L33F, M46L, I54M, I84V, L89LV, L90M",1,6,43.0,43.0,43.0,43.0,43.0,43.0
"L33F, M46L, I54V, L90M",1,4,43.0,43.0,43.0,43.0,43.0,43.0
"L10F, L24I, L33F, M46I, V82T",1,5,42.0,42.0,42.0,42.0,42.0,42.0
"L33F, G48M, I54V, G73S, V82VA, L90M",1,6,42.0,42.0,42.0,42.0,42.0,42.0
"L24I, I54V, V82A",1,3,41.0,41.0,41.0,41.0,41.0,41.0
"M46I, I54V, G73S, I84V, L90M",2,5,"30.0, 52.0",41.0,30.0,52.0,35.5,46.5
"L33F, M46L, I54V, V82A, I84V",1,5,41.0,41.0,41.0,41.0,41.0,41.0
"L33F, M46L, G48M, I54M, V82A, I84V",2,6,"44.0, 38.0",41.0,38.0,44.0,39.5,42.5
"L10F, V32I, M46I, I47V, I54L, I84V",1,6,41.0,41.0,41.0,41.0,41.0,41.0
"M46I, F53L, I54V, V82A, L90M",1,5,41.0,41.0,41.0,41.0,41.0,41.0
"M46I, G73S, V82F, L90M",1,4,40.0,40.0,40.0,40.0,40.0,40.0
"I54V, G73S, I84V, L90M",1,4,40.0,40.0,40.0,40.0,40.0,40.0
"L24I, M46I, I54V, G73S, I84V",1,5,39.0,39.0,39.0,39.0,39.0,39.0
"M46L, G48V, I54V, V82A, L90M",1,5,39.0,39.0,39.0,39.0,39.0,39.0
"L24I, V32VI, L33F, M46I, I54L, T74P, V82A, I84V",1,8,39.0,39.0,39.0,39.0,39.0,39.0
"M46I, I54V, G73S, V82T, L90M",1,5,39.0,39.0,39.0,39.0,39.0,39.0
"L10F, M46I, I50V, L89LV, L90M",1,5,39.0,39.0,39.0,39.0,39.0,39.0
"V32I, G48M, F53L, I54M, V82A, I84V, L90M",1,7,39.0,39.0,39.0,39.0,39.0,39.0
"L33F, M46L, I54V, G73S, V82T, I84IV, L90M",1,7,39.0,39.0,39.0,39.0,39.0,39.0
"L10F, L33F, M46I, F53L, I54M, G73S, L90M",1,7,39.0,39.0,39.0,39.0,39.0,39.0
"I54L, G73S, I84V, L89V, L90M",1,5,38.0,38.0,38.0,38.0,38.0,38.0
"G48V, F53L, I54A, V82A, L90LIM",1,5,38.0,38.0,38.0,38.0,38.0,38.0
"F53L, I54V, V82A, L90M",4,4,"34.0, 26.0, 60.0, 40.0",37.0,26.0,60.0,32.0,45.0
"M46I, I54V, T74P, V82A, L90M",1,5,37.0,37.0,37.0,37.0,37.0,37.0
"L10FI, L33LF, M46I, I54V, T74P, I84V, L90M",1,7,37.0,37.0,37.0,37.0,37.0,37.0
"M46I, I54V, G73S, V82A, L90M",3,5,"37.0, 26.0, 98.0",37.0,26.0,98.0,31.5,67.5
"L10F, V32I, L33F, M46I, I47V, V82A",1,6,37.0,37.0,37.0,37.0,37.0,37.0
"M46I, I54L, G73GS, I84V, L90M",1,5,37.0,37.0,37.0,37.0,37.0,37.0
"V32I, L33F, M46L, F53L, I54V, T74P, L90M",1,7,37.0,37.0,37.0,37.0,37.0,37.0
"L10F, I54V, V82A, L90M",2,4,"46.0, 27.0",36.5,27.0,46.0,31.75,41.25
"L33LF, G48V, I54V, V82A, L90M",1,5,36.0,36.0,36.0,36.0,36.0,36.0
"L10F, M46I, I54V, G73S, V82T, L90M",1,6,36.0,36.0,36.0,36.0,36.0,36.0
"L24I, M46L, I54V, V82A",5,4,"20.0, 48.0, 37.0, 13.0, 35.0",35.0,13.0,48.0,20.0,37.0
"I54V, L90M",3,2,"2.8, 35.0, 54.0",35.0,2.8,54.0,18.9,44.5
"L10F, L24I, M46I, I54V, T74P, I84V",1,6,35.0,35.0,35.0,35.0,35.0,35.0
"G48V, F53L, I54V, V82A, L90M",2,5,"34.0, 36.0",35.0,34.0,36.0,34.5,35.5
"G48V, I54T, G73GS, V82A",1,4,35.0,35.0,35.0,35.0,35.0,35.0
"M46I, I50V, I54V, V82A",1,4,35.0,35.0,35.0,35.0,35.0,35.0
"I54V, I84V",1,2,35.0,35.0,35.0,35.0,35.0,35.0
"L33F, M46I, I54V, V82T, L90M",1,5,35.0,35.0,35.0,35.0,35.0,35.0
"M46I, V82F, L90M",1,3,34.0,34.0,34.0,34.0,34.0,34.0
"L24I, L33F, M46I, I54V, V82AS",1,5,34.0,34.0,34.0,34.0,34.0,34.0
"M46L, I54V, V82A, L90M",4,4,"33.0, 18.0, 34.0, 40.0",33.5,18.0,40.0,29.25,35.5
"M46I, L76V, I84V",2,3,"29.0, 38.0",33.5,29.0,38.0,31.25,35.75
"V32I, L33F, M46I, I54M, V82A, L90M",1,6,33.0,33.0,33.0,33.0,33.0,33.0
"M46L, I54V, L76V, V82A, L90M",1,5,33.0,33.0,33.0,33.0,33.0,33.0
"V32I, M46I, F53L, I54L, V82A, L90M",1,6,33.0,33.0,33.0,33.0,33.0,33.0
"L10F, M46L, I84V, L90M",1,4,33.0,33.0,33.0,33.0,33.0,33.0
"L10F, L33F, M46I, I54L, L90M",2,5,"36.0, 29.0",32.5,29.0,36.0,30.75,34.25
"I54V, V82F, L90M",2,3,"39.0, 25.0",32.0,25.0,39.0,28.5,35.5
"V32I, I54V, G73S, V82T, L90M",1,5,32.0,32.0,32.0,32.0,32.0,32.0
"L33F, M46MI, I54V, T74P, V82A, L90M",1,6,32.0,32.0,32.0,32.0,32.0,32.0
"L10F, M46I, I47V, I50V",1,4,31.0,31.0,31.0,31.0,31.0,31.0
"V32I, L33F, I47V, I54L, L89LV, L90M",2,6,"23.0, 39.0",31.0,23.0,39.0,27.0,35.0
"I54V, V82A, L90M",12,3,"99.0, 18.0, 37.0, 36.0, 37.0, 52.0, 20.0, 20.0, 17.0, 25.0, 39.0, 13.0",30.5,13.0,99.0,19.5,37.5
"M46I, L76V",2,2,"14.0, 47.0",30.5,14.0,47.0,22.25,38.75
"I54V, V82A, I84V, L90M",2,4,"13.0, 47.0",30.0,13.0,47.0,21.5,38.5
"L10F, I54V, V82A",1,3,30.0,30.0,30.0,30.0,30.0,30.0
"L10F, M46I, I84V, L90M",4,4,"28.0, 34.0, 12.0, 32.0",30.0,12.0,34.0,24.0,32.5
"L24I, L33LF, M46I, I54V, V82A",1,5,30.0,30.0,30.0,30.0,30.0,30.0
"L10F, L33F, I84V, L90M",3,4,"30.0, 30.0, 27.0",30.0,27.0,30.0,28.5,30.0
"L10FI, M46L, I54M, V82A, L90M",1,5,30.0,30.0,30.0,30.0,30.0,30.0
"L24LI, L33F, F53L, V82A, I84V",1,5,29.0,29.0,29.0,29.0,29.0,29.0
"L10F, M46I, I50V, F53L, I54IL, T74P, L90M",1,7,29.0,29.0,29.0,29.0,29.0,29.0
"L24I, L33F, M46I, I54M, I84V",1,5,29.0,29.0,29.0,29.0,29.0,29.0
"L33F, M46L, I54L, I84V, L90M",1,5,29.0,29.0,29.0,29.0,29.0,29.0
"L33F, M46I, I54V, T74PS, V82T, I84V",1,6,29.0,29.0,29.0,29.0,29.0,29.0
"L33F, M46L, I54L, T74P, I84V, L90M",1,6,28.0,28.0,28.0,28.0,28.0,28.0
"L10F, L24I, L33F, F53L",1,4,28.0,28.0,28.0,28.0,28.0,28.0
"L10F, L33F, I54L, I84V, L90M",1,5,28.0,28.0,28.0,28.0,28.0,28.0
"M46L, G48V, I54L, V82A, I84V",1,5,28.0,28.0,28.0,28.0,28.0,28.0
"L10F, I54M, G73S, I84V, L90M",1,5,28.0,28.0,28.0,28.0,28.0,28.0
"M46I, I54V, L76LV, V82A",1,4,27.0,27.0,27.0,27.0,27.0,27.0
"M46I, F53L, L76V, L90M",1,4,27.0,27.0,27.0,27.0,27.0,27.0
"G48V, I54V, V82A",8,3,"86.0, 34.0, 34.0, 22.0, 32.0, 2.5, 18.0, 14.0",27.0,2.5,86.0,17.0,34.0
"L10FI, I54V, I84V, L90M",1,4,27.0,27.0,27.0,27.0,27.0,27.0
"L24I, L33F, M46I, I54M, V82A",1,5,27.0,27.0,27.0,27.0,27.0,27.0
"L10F, M46I, V82T, L90M",1,4,27.0,27.0,27.0,27.0,27.0,27.0
"I54V, L89V, L90M",1,3,27.0,27.0,27.0,27.0,27.0,27.0
"M46L, I54V, V82A, I84V, L90M",3,5,"21.0, 35.0, 26.0",26.0,21.0,35.0,23.5,30.5
"M46I, F53L, I54V, I84V, L90M",2,5,"24.0, 28.0",26.0,24.0,28.0,25.0,27.0
"L10FVI, L24I, M46L, I54V, V82A",1,5,26.0,26.0,26.0,26.0,26.0,26.0
"L24I, I54V, V82T, I84V",1,4,26.0,26.0,26.0,26.0,26.0,26.0
"L24I, L33F, M46I, I54L, I84V",1,5,26.0,26.0,26.0,26.0,26.0,26.0
"L10F, L33F, I54L, T74P, I84V, L90M",1,6,26.0,26.0,26.0,26.0,26.0,26.0
"V32I, F53L, I54V, L90M",1,4,25.0,25.0,25.0,25.0,25.0,25.0
"L24I, M46L, I54V, V82T",1,4,25.0,25.0,25.0,25.0,25.0,25.0
"M46I, I54V, V82T, L90M",1,4,25.0,25.0,25.0,25.0,25.0,25.0
"L10F, I54IL, V82A, I84V, L90M",1,5,25.0,25.0,25.0,25.0,25.0,25.0
"L24I, M46I, I54IV, G73S, V82T",1,5,24.0,24.0,24.0,24.0,24.0,24.0
"L24I, M46L, I54V, V82A, I84V",4,5,"18.0, 20.0, 35.0, 28.0",24.0,18.0,35.0,19.5,29.75
"V32I, M46I, G73S, I84V, L90M",1,5,24.0,24.0,24.0,24.0,24.0,24.0
"L33F, M46MI, I54L, G73S, V82A, L90M",1,6,24.0,24.0,24.0,24.0,24.0,24.0
"L24I, I54V, V82A, I84V",4,4,"11.0, 13.0, 45.0, 34.0",23.5,11.0,45.0,12.5,36.75
"M46I, L76V, V82A",1,3,23.0,23.0,23.0,23.0,23.0,23.0
"L33F, M46I, I54V, V82A",1,4,23.0,23.0,23.0,23.0,23.0,23.0
"M46I, I54M, V82F",2,3,"21.0, 25.0",23.0,21.0,25.0,22.0,24.0
"L10F, L33F, M46I, I50V, I54L",1,5,23.0,23.0,23.0,23.0,23.0,23.0
"M46I, T74P, I84V, L90M",1,4,23.0,23.0,23.0,23.0,23.0,23.0
"M46I, I54IV, G73S, I84V, L90M",1,5,23.0,23.0,23.0,23.0,23.0,23.0
"L33F, G73S, I84V, L89V, L90M",1,5,23.0,23.0,23.0,23.0,23.0,23.0
"M46I, F53FL, I54M, I84V, L90M",1,5,23.0,23.0,23.0,23.0,23.0,23.0
"M46MI, I54V, V82A, L90M",1,4,23.0,23.0,23.0,23.0,23.0,23.0
"L33F, M46ML, I54V, G73TS, V82A, N88S, L90M",1,7,22.0,22.0,22.0,22.0,22.0,22.0
"V32I, M46I, I47V, V82T",1,4,22.0,22.0,22.0,22.0,22.0,22.0
"V32I, L33F, F53L, I54V, G73S, L90M",1,6,22.0,22.0,22.0,22.0,22.0,22.0
"V32I, M46I, I47V, L90M",2,4,"23.0, 21.0",22.0,21.0,23.0,21.5,22.5
"V32I, M46I, F53L, I54V, V82A, L90M",1,6,22.0,22.0,22.0,22.0,22.0,22.0
"M46I, I50V, L76V",4,3,"72.0, 40.0, 3.4, 1.0",21.7,1.0,72.0,2.8,48.0
"G48V, I54V, V82A, L90M",7,4,"20.0, 70.0, 21.0, 16.0, 59.0, 14.0, 30.0",21.0,14.0,70.0,18.0,44.5
"I54V, V82T, I84V",1,3,21.0,21.0,21.0,21.0,21.0,21.0
"V32I, L33F, I54V, V82A, L90M",1,5,21.0,21.0,21.0,21.0,21.0,21.0
"L33F, I54V, T74P, I84V, L90M",1,5,21.0,21.0,21.0,21.0,21.0,21.0
"M46I, G73S, I84V, L89T, L90M",1,5,21.0,21.0,21.0,21.0,21.0,21.0
"M46L, I54M, L76V, L89V",1,4,21.0,21.0,21.0,21.0,21.0,21.0
"L10F, M46I, V82T, I84V",1,4,20.0,20.0,20.0,20.0,20.0,20.0
"V32I, M46I, F53L, V82A, L89V, L90M",1,6,20.0,20.0,20.0,20.0,20.0,20.0
"L10F, M46I, F53L, I54L, L90M",1,5,20.0,20.0,20.0,20.0,20.0,20.0
"L33F, M46L, G48MV, G48MV, I54T, V82T, I84V",1,7,20.0,20.0,20.0,20.0,20.0,20.0
"L10F, I54V, I84IV, L90M",1,4,19.0,19.0,19.0,19.0,19.0,19.0
"M46L, I54V, V82T, I84V, L90M",1,5,19.0,19.0,19.0,19.0,19.0,19.0
"V32I, M46I, V82A, I84V",1,4,19.0,19.0,19.0,19.0,19.0,19.0
"L24I, I54V",1,2,19.0,19.0,19.0,19.0,19.0,19.0
"L33F, M46L, G73S, T74TP, I84V, L89V, L90M",1,7,19.0,19.0,19.0,19.0,19.0,19.0
"L33F, M46L, I54V, V82T",1,4,19.0,19.0,19.0,19.0,19.0,19.0
"L24LI, M46L, I54V, V82A",2,4,"22.0, 14.0",18.0,14.0,22.0,16.0,20.0
"M46I, L76V, L90M",1,3,18.0,18.0,18.0,18.0,18.0,18.0
"L10FI, I54M, G73S, I84V, L90M",1,5,18.0,18.0,18.0,18.0,18.0,18.0
"L10F, M46I, I50V",2,3,"15.0, 19.0",17.0,15.0,19.0,16.0,18.0
"M46I, V82T, I84V, L90M",1,4,17.0,17.0,17.0,17.0,17.0,17.0
"L24I, L33F, M46L, I54L, V82A",1,5,17.0,17.0,17.0,17.0,17.0,17.0
"L33F, I54L, V82A, L90M",1,4,17.0,17.0,17.0,17.0,17.0,17.0
"L33F, M46I, I54M, L90M",1,4,17.0,17.0,17.0,17.0,17.0,17.0
"L10FI, M46I, I84V, L90M",1,4,17.0,17.0,17.0,17.0,17.0,17.0
"M46I, G73S, I84V, L90M",3,4,"17.0, 17.0, 7.0",17.0,7.0,17.0,12.0,17.0
"M46I, I54IL, I84V, L90M",1,4,17.0,17.0,17.0,17.0,17.0,17.0
"L33F, I54L, I84V, L90M",3,4,"17.0, 13.0, 46.0",17.0,13.0,46.0,15.0,31.5
"L10F, M46I, I50V, I54L, L90M",1,5,17.0,17.0,17.0,17.0,17.0,17.0
"L10F, N88S, L90M",1,3,16.0,16.0,16.0,16.0,16.0,16.0
"L10LF, I54V, V82A, L90M",1,4,16.0,16.0,16.0,16.0,16.0,16.0
"M46L, I54V, G73GS, V82A, L90M",1,5,16.0,16.0,16.0,16.0,16.0,16.0
"M46I, G73S, V82T, L90M",2,4,"18.0, 14.0",16.0,14.0,18.0,15.0,17.0
"L10F, V32I, L33F, M46I, V82A, L90M",1,6,16.0,16.0,16.0,16.0,16.0,16.0
"L24I, M46I, V82T",1,3,16.0,16.0,16.0,16.0,16.0,16.0
"L10F, V32I, L33F, V82A, L90M",1,5,16.0,16.0,16.0,16.0,16.0,16.0
"L24I, M46I, F53FL, I54V",1,4,16.0,16.0,16.0,16.0,16.0,16.0
"L33F, M46I, I47V, F53L, I54V",1,5,16.0,16.0,16.0,16.0,16.0,16.0
"V32I, L33F, M46L, V82T, I84V",1,5,16.0,16.0,16.0,16.0,16.0,16.0
"L10LF, I54L, I84V, L90M",1,4,16.0,16.0,16.0,16.0,16.0,16.0
"M46I, F53L, G73S, V82T, L90M",2,5,"9.9, 22.0",15.95,9.9,22.0,12.925,18.975
"M46L, I54V, V82A, I84V",1,4,15.0,15.0,15.0,15.0,15.0,15.0
"V32I, L33F, I54L, I84V",1,4,15.0,15.0,15.0,15.0,15.0,15.0
"L10F, M46I, V82T, I84V, L90M",1,5,15.0,15.0,15.0,15.0,15.0,15.0
"L10F, V32I, I54V, L90M",1,4,15.0,15.0,15.0,15.0,15.0,15.0
"M46I, I47V, L90M",1,3,15.0,15.0,15.0,15.0,15.0,15.0
"V32I, L33F, M46I, F53L, I84V, L90M",1,6,15.0,15.0,15.0,15.0,15.0,15.0
"L24I, M46I, I54V, V82A",6,4,"17.0, 8.8, 15.0, 14.0, 12.0, 37.0",14.5,8.8,37.0,12.5,16.5
"F53L, I54V, G73GS, V82A",1,4,14.0,14.0,14.0,14.0,14.0,14.0
"L10F, M46I",3,2,"14.0, 14.0, 4.0",14.0,4.0,14.0,9.0,14.0
"V32I, I54L, V82T, L90M",1,4,14.0,14.0,14.0,14.0,14.0,14.0
"L10F, L33F, F53L, I54L, L90M",1,5,14.0,14.0,14.0,14.0,14.0,14.0
"L33F, M46I, I84V",1,3,14.0,14.0,14.0,14.0,14.0,14.0
"L33F, I54V, L90M",1,3,14.0,14.0,14.0,14.0,14.0,14.0
"L10F, L33F, I54L, I84V",1,4,14.0,14.0,14.0,14.0,14.0,14.0
"L33F, G48V, I54L, V82A, I84V",1,5,14.0,14.0,14.0,14.0,14.0,14.0
"L10F, V32I, M46I, I84V",1,4,14.0,14.0,14.0,14.0,14.0,14.0
"L10F, I54L, I84V, L90M",1,4,14.0,14.0,14.0,14.0,14.0,14.0
"V32I, M46I, F53L, I54M, G73S, L89V, L90M",2,7,"24.0, 2.5",13.25,2.5,24.0,7.875,18.625
"I54V, V82T, L90M",3,3,"12.0, 13.0, 25.0",13.0,12.0,25.0,12.5,19.0
"V32I, M46I, F53L, I54M, G73S, L76V, L89V, L90M",1,8,13.0,13.0,13.0,13.0,13.0,13.0
"L33F, I50V",1,2,13.0,13.0,13.0,13.0,13.0,13.0
"L33F, M46I, I50L, I54V, V82A, L90M",2,6,"13.0, 12.0",12.5,12.0,13.0,12.25,12.75
"L10F, I54M, V82A",2,3,"11.0, 14.0",12.5,11.0,14.0,11.75,13.25
"L10F, L33F, I54L, L90M",2,4,"2.9, 22.0",12.45,2.9,22.0,7.675000000000001,17.225
"M46I, I84V, L90M",13,3,"12.0, 3.8, 22.0, 6.2, 14.0, 10.0, 4.1, 36.0, 15.0, 11.0, 6.3, 27.0, 17.0",12.0,3.8,36.0,6.3,17.0
"I50V, L90M",1,2,12.0,12.0,12.0,12.0,12.0,12.0
"L33LF, M46L, I54L, V82A",1,4,12.0,12.0,12.0,12.0,12.0,12.0
"V82F, L90M",1,2,12.0,12.0,12.0,12.0,12.0,12.0
"L33LF, I54L, V82A, I84V",1,4,12.0,12.0,12.0,12.0,12.0,12.0
"V32I, I54V, I84V, L90M",1,4,12.0,12.0,12.0,12.0,12.0,12.0
"M46I, F53L, G73S, L90M",2,4,"7.8, 16.0",11.9,7.8,16.0,9.85,13.95
"I54L, G73S, I84V, L90M",2,4,"15.0, 8.5",11.75,8.5,15.0,10.125,13.375
"L24I, M46I, F53L, V82T, I84V",1,5,11.0,11.0,11.0,11.0,11.0,11.0
"M46L, I54L, G73S, V82T, L89V, L90M",1,6,11.0,11.0,11.0,11.0,11.0,11.0
"L33F, M46L, I54L, V82A, L90M",1,5,11.0,11.0,11.0,11.0,11.0,11.0
"I54V, G73S, V82A",1,3,11.0,11.0,11.0,11.0,11.0,11.0
"G73S, I84V, L89V, L90M",1,4,11.0,11.0,11.0,11.0,11.0,11.0
"L10F, V32I, M46I, V82A, L90M",1,5,11.0,11.0,11.0,11.0,11.0,11.0
"L10F, I54M, G73S, L90M",1,4,11.0,11.0,11.0,11.0,11.0,11.0
"V32I, M46MI, V82A, L89V",1,4,11.0,11.0,11.0,11.0,11.0,11.0
"V32I, L33F, M46I, I47V, I50L, V82A",1,6,11.0,11.0,11.0,11.0,11.0,11.0
"M46I, V82A, L90M",2,3,"14.0, 6.8",10.4,6.8,14.0,8.6,12.2
"L10F, M46I, I50V, L76V",1,4,10.0,10.0,10.0,10.0,10.0,10.0
"V32I, L33F, G73S, I84V, L90M",1,5,10.0,10.0,10.0,10.0,10.0,10.0
"M46I, G48V, I54V, V82T",1,4,10.0,10.0,10.0,10.0,10.0,10.0
"L33F, M46I, F53L, G73GS, L90M",1,5,10.0,10.0,10.0,10.0,10.0,10.0
"L10F, M46L, L76V",1,3,9.8,9.8,9.8,9.8,9.8,9.8
"V32I, L33F, M46I, I47V, L90M",1,5,9.8,9.8,9.8,9.8,9.8,9.8
"L33F, I54L, I84V",1,3,9.7,9.7,9.7,9.7,9.7,9.7
"L10LF, V32I, L33F, I47V, I54M",1,5,9.7,9.7,9.7,9.7,9.7,9.7
"L10FI, L33F, M46L, I54L, G73CS, V82A, L89V, L90M",1,8,9.6,9.6,9.6,9.6,9.6,9.6
"L10F, M46I, T74P, I84V, L90M",1,5,9.4,9.4,9.4,9.4,9.4,9.4
"L10F, M46I, G73S, V82T, I84V",1,5,9.3,9.3,9.3,9.3,9.3,9.3
"L33F, I54M, G73S, L89V, L90M",1,5,9.3,9.3,9.3,9.3,9.3,9.3
"M46I, I50V, I54L",1,3,9.2,9.2,9.2,9.2,9.2,9.2
"L10F, L33F, I54L, T74P, I84V",1,5,9.1,9.1,9.1,9.1,9.1,9.1
"M46I, I47V, L89V, L90M",2,4,"4.2, 14.0",9.1,4.2,14.0,6.65,11.55
"V32I, L33F, I47V, I54M, L90LM",1,5,9.1,9.1,9.1,9.1,9.1,9.1
"V32I, M46I, V82A, L90M",2,4,"4.9, 13.0",8.95,4.9,13.0,6.925000000000001,10.975
"M46I, I54M, I84V",1,3,8.9,8.9,8.9,8.9,8.9,8.9
"L10F, V32I, M46I, V82A",1,4,8.7,8.7,8.7,8.7,8.7,8.7
"V32I, M46I, I47V, G73S",1,4,8.7,8.7,8.7,8.7,8.7,8.7
"V32I, L33F, M46MI, I47V, L90M",1,5,8.7,8.7,8.7,8.7,8.7,8.7
"L10F, I84V, L90M",3,3,"8.5, 8.3, 16.0",8.5,8.3,16.0,8.4,12.25
"L10F, I54V",1,2,8.4,8.4,8.4,8.4,8.4,8.4
"L33F, I54L, G73S, L90M",1,4,8.4,8.4,8.4,8.4,8.4,8.4
"L10F, V32I, L33F, I54L, L90M",1,5,8.3,8.3,8.3,8.3,8.3,8.3
"L10FI, I54V, V82T, L90M",1,4,8.1,8.1,8.1,8.1,8.1,8.1
"L33F, M46L, I50L, V82A",3,4,"4.2, 14.0, 8.1",8.1,4.2,14.0,6.15,11.05
"L33F, I54L, I84V, L90LM",1,4,8.0,8.0,8.0,8.0,8.0,8.0
"L10LFI, L33F, M46L, I54L, L90M",1,5,8.0,8.0,8.0,8.0,8.0,8.0
"V32I, M46I, I47V, I50L, V82T, L90M",1,6,8.0,8.0,8.0,8.0,8.0,8.0
"M46L, V82A, L90M",2,3,"0.8, 15.0",7.9,0.8,15.0,4.35,11.45
"M46L, I54V, L90M",1,3,7.9,7.9,7.9,7.9,7.9,7.9
"L24I, M46I, V82A, I84V",1,4,7.9,7.9,7.9,7.9,7.9,7.9
"M46I, I50V",1,2,7.8,7.8,7.8,7.8,7.8,7.8
"L33F, I54L, L89LV, L90M",1,4,7.8,7.8,7.8,7.8,7.8,7.8
"G48V, V82A, L90M",1,3,7.8,7.8,7.8,7.8,7.8,7.8
"L10F, I84V",3,2,"6.2, 7.7, 11.0",7.7,6.2,11.0,6.95,9.35
"L24I, M46I, L90M",1,3,7.5,7.5,7.5,7.5,7.5,7.5
"L24I, L33F, M46I, I50L",1,4,7.5,7.5,7.5,7.5,7.5,7.5
"L10F, M46I, G73GS, V82T, I84V",1,5,7.5,7.5,7.5,7.5,7.5,7.5
"I54V, V82A",15,2,"2.3, 6.3, 6.4, 12.0, 6.5, 22.0, 1.2, 5.6, 7.2, 4.7, 24.0, 16.0, 20.0, 20.0, 15.0",7.2,1.2,24.0,5.949999999999999,18.0
"L24I, M46L, G73S",1,3,7.2,7.2,7.2,7.2,7.2,7.2
"L10F, L33F, L90M",1,3,7.1,7.1,7.1,7.1,7.1,7.1
"L24I, M46L, V82A",1,3,7.0,7.0,7.0,7.0,7.0,7.0
"M46L, I84V, L90M",4,3,"6.2, 7.7, 3.1, 9.6",6.95,3.1,9.6,5.425,8.175
"G73S, I84V, L90M",9,3,"5.9, 6.1, 6.4, 6.1, 7.2, 10.0, 6.8, 7.5, 8.3",6.8,5.9,10.0,6.1,7.5
"M46I, F53L, G73S, N88NS, L90M",1,5,6.8,6.8,6.8,6.8,6.8,6.8
"M46I, V82T, I84V",2,3,"5.3, 8.1",6.699999999999999,5.3,8.1,6.0,7.3999999999999995
"I54V, V82T",2,2,"10.0, 3.3",6.65,3.3,10.0,4.975,8.325
"M46L, V82A",2,2,"3.2, 10.0",6.6,3.2,10.0,4.9,8.3
"V32I, L33F, M46I, I47V, G73GS, L90M",1,6,6.6,6.6,6.6,6.6,6.6,6.6
"V32I, M46I, I47V, I50L",1,4,6.6,6.6,6.6,6.6,6.6,6.6
"L10F, V32I, M46L, V82A, L90M",1,5,6.4,6.4,6.4,6.4,6.4,6.4
"I54M, L90M",1,2,5.9,5.9,5.9,5.9,5.9,5.9
"M46I, L76LV, V82T, I84V",1,4,5.8,5.8,5.8,5.8,5.8,5.8
"M46I, I54V, V82F",1,3,5.8,5.8,5.8,5.8,5.8,5.8
"M46I, I54V, I84IV, L90M",1,4,5.7,5.7,5.7,5.7,5.7,5.7
"I50V, N88S",1,2,5.6,5.6,5.6,5.6,5.6,5.6
"M46L, I54V, V82A",2,3,"6.3, 4.9",5.6,4.9,6.3,5.25,5.95
"L33F, I84V, L90M",2,3,"8.3, 2.6",5.45,2.6,8.3,4.025,6.875
"M46L, G48V, V82A, I84V",1,4,5.4,5.4,5.4,5.4,5.4,5.4
"M46L, V82A, I84V, L90M",1,4,5.3,5.3,5.3,5.3,5.3,5.3
"M46I, F53L, L90M",1,3,5.3,5.3,5.3,5.3,5.3,5.3
"L10F, V32I, M46L, V82A",1,4,5.2,5.2,5.2,5.2,5.2,5.2
"M46I, I54V, V82A",3,3,"25.0, 4.2, 5.0",5.0,4.2,25.0,4.6,15.0
"L10F, M46L, I54L",1,3,5.0,5.0,5.0,5.0,5.0,5.0
"L33F, M46L, I50L, L90M",1,4,5.0,5.0,5.0,5.0,5.0,5.0
V82F,2,1,"4.6, 5.4",5.0,4.6,5.4,4.8,5.2
"L33F, M46L, F53L, I54L, G73S",1,5,4.6,4.6,4.6,4.6,4.6,4.6
"M46I, V82F",1,2,4.5,4.5,4.5,4.5,4.5,4.5
"I54L, V82A, L89V",1,3,4.5,4.5,4.5,4.5,4.5,4.5
"N88S, L90M",1,2,4.4,4.4,4.4,4.4,4.4,4.4
"I84V, L90M",9,2,"4.3, 2.4, 1.3, 6.3, 4.3, 3.2, 12.0, 29.0, 9.3",4.3,1.3,29.0,3.2,9.3
"L33F, I54L, G73S, I84V, L90M",1,5,4.2,4.2,4.2,4.2,4.2,4.2
I50V,3,1,"4.0, 3.6, 9.4",4.0,3.6,9.4,3.8,6.7
"V32I, M46L, I54L, L90M",1,4,4.0,4.0,4.0,4.0,4.0,4.0
"V32I, I47V, F53L",1,3,4.0,4.0,4.0,4.0,4.0,4.0
"L33F, I54V",1,2,3.9,3.9,3.9,3.9,3.9,3.9
"L10F, T74P, I84V, L90M",1,4,3.7,3.7,3.7,3.7,3.7,3.7
"L10F, M46I, I50L, I54V, G73S, V82A",1,6,3.6,3.6,3.6,3.6,3.6,3.6
"I54M, I84V",1,2,3.5,3.5,3.5,3.5,3.5,3.5
"M46L, I50L, V82A",1,3,3.5,3.5,3.5,3.5,3.5,3.5
"L24I, F53FL, I54V, V82T",1,4,3.4,3.4,3.4,3.4,3.4,3.4
"I54M, N88S",1,2,3.4,3.4,3.4,3.4,3.4,3.4
"M46I, G48V, G73GS, V82T, I84V, L90M",1,6,3.3,3.3,3.3,3.3,3.3,3.3
"M46I, G73GS, I84V, L90M",1,4,3.2,3.2,3.2,3.2,3.2,3.2
"V32VI, M46I, T74P, L90M",1,4,3.2,3.2,3.2,3.2,3.2,3.2
"M46I, I84V",1,2,3.2,3.2,3.2,3.2,3.2,3.2
"L10F, L24I, M46L",1,3,3.1,3.1,3.1,3.1,3.1,3.1
"M46I, G73S, L90M",7,3,"3.7, 1.3, 3.0, 8.9, 1.2, 2.3, 5.1",3.0,1.2,8.9,1.7999999999999998,4.4
"L10F, V82A",2,2,"1.2, 4.7",2.95,1.2,4.7,2.075,3.825
I54M,1,1,2.9,2.9,2.9,2.9,2.9,2.9
"L24I, V82A",1,2,2.9,2.9,2.9,2.9,2.9,2.9
"M46L, L90M",5,2,"3.3, 1.6, 2.0, 2.8, 2.8",2.8,1.6,3.3,2.0,2.8
"V82A, L90M",2,2,"2.8, 2.6",2.7,2.6,2.8,2.65,2.75
"V32I, I47V, V82A",1,3,2.7,2.7,2.7,2.7,2.7,2.7
"L33F, M46I",1,2,2.7,2.7,2.7,2.7,2.7,2.7
I54L,2,1,"4.6, 0.8",2.6999999999999997,0.8,4.6,1.75,3.6499999999999995
"L33F, L90M",1,2,2.6,2.6,2.6,2.6,2.6,2.6
"V32I, I54L",1,2,2.6,2.6,2.6,2.6,2.6,2.6
"M46L, G73S, T74P, L90M",1,4,2.6,2.6,2.6,2.6,2.6,2.6
"T74P, I84V, L90M",1,3,2.5,2.5,2.5,2.5,2.5,2.5
"M46I, I54L, I84V",1,3,2.5,2.5,2.5,2.5,2.5,2.5
"T74P, L90M",1,2,2.5,2.5,2.5,2.5,2.5,2.5
"M46I, N88S, L90M",2,3,"0.7, 3.9",2.3,0.7,3.9,1.5,3.0999999999999996
"M46MI, F53L, T74P, L90M",1,4,2.3,2.3,2.3,2.3,2.3,2.3
"V82F, I84V",1,2,2.3,2.3,2.3,2.3,2.3,2.3
"F53L, V82A",4,2,"4.3, 2.2, 1.6, 2.2",2.2,1.6,4.3,2.0500000000000003,2.725
L24I,2,1,"2.8, 1.6",2.2,1.6,2.8,1.9,2.5
"I54L, L90M",1,2,2.2,2.2,2.2,2.2,2.2,2.2
"G73S, L90M",9,2,"4.4, 1.9, 1.2, 8.0, 2.1, 5.0, 0.9, 2.3, 1.3",2.1,0.9,8.0,1.3,4.4
"L33F, I54L, L90M",1,3,2.1,2.1,2.1,2.1,2.1,2.1
"M46I, I50L, V82A, L90M",1,4,2.1,2.1,2.1,2.1,2.1,2.1
"M46I, L90M",20,2,"2.7, 2.4, 1.6, 4.3, 3.2, 2.5, 4.6, 1.0, 2.2, 3.8, 1.8, 2.5, 1.0, 2.5, 0.9, 0.9, 1.4, 1.7, 1.3, 1.1",2.0,0.9,4.6,1.25,2.55
I84V,9,1,"2.0, 1.4, 1.8, 2.6, 0.9, 4.4, 4.4, 3.2, 1.8",2.0,0.9,4.4,1.8,3.2
L33F,3,1,"2.0, 2.8, 0.7",2.0,0.7,2.8,1.35,2.4
"G73S, I84V",1,2,1.9,1.9,1.9,1.9,1.9,1.9
"M46L, I84V",1,2,1.9,1.9,1.9,1.9,1.9,1.9
"M46I, V82T",1,2,1.9,1.9,1.9,1.9,1.9,1.9
"F53L, L90M",1,2,1.8,1.8,1.8,1.8,1.8,1.8
M46L,5,1,"1.7, 3.1, 11.0, 1.4, 0.8",1.7,0.8,11.0,1.4,3.1
V82A,2,1,"1.5, 1.7",1.6,1.5,1.7,1.55,1.65
"F53L, G73S, L90M",1,3,1.6,1.6,1.6,1.6,1.6,1.6
V32I,3,1,"1.8, 1.6, 1.4",1.6,1.4,1.8,1.5,1.7000000000000002
"M46I, I50L, V82A",1,3,1.5,1.5,1.5,1.5,1.5,1.5
L10F,4,1,"1.6, 2.3, 0.5, 1.3",1.4500000000000002,0.5,2.3,1.1,1.775
M46I,8,1,"0.6, 10.0, 16.0, 9.0, 0.8, 1.2, 0.7, 1.7",1.45,0.6,16.0,0.775,9.25
G73S,2,1,"0.6, 2.2",1.4000000000000001,0.6,2.2,1.0,1.8000000000000003
"V32I, M46I, V82A",1,3,1.4,1.4,1.4,1.4,1.4,1.4
L90M,40,1,"1.8, 8.3, 1.2, 1.1, 1.0, 5.3, 6.2, 1.2, 1.0, 0.8, 1.8, 2.0, 0.7, 1.5, 0.7, 0.3, 0.5, 1.1, 3.6, 1.4, 1.6, 4.5, 0.7, 1.3, 1.3, 1.1, 0.3, 1.4, 2.0, 1.8, 3.4, 1.8, 4.8, 1.1, 1.1, 0.8, 3.0, 0.9, 1.3, 3.1",1.3,0.3,8.3,1.0,2.0
T74P,1,1,1.3,1.3,1.3,1.3,1.3,1.3
N88S,4,1,"4.3, 0.5, 1.4, 1.2",1.2999999999999998,0.5,4.3,1.025,2.125
"G48V, L90M",1,2,1.2,1.2,1.2,1.2,1.2,1.2
"V32I, L90M",3,2,"1.5, 1.2, 1.2",1.2,1.2,1.5,1.2,1.35
"M46I, I50L, G73S, L90M",1,4,1.0,1.0,1.0,1.0,1.0,1.0
"M46I, N88S",3,2,"0.7, 0.8, 5.8",0.8,0.7,5.8,0.75,3.3
,44,1,"0.5, 0.8, 5.1, 0.4, 0.8, 0.8, 0.8, 1.2, 1.0, 1.0, 0.5, 0.7, 0.6, 0.8, 1.7, 0.4, 0.4, 1.4, 0.6, 0.8, 0.7, 1.2, 1.8, 4.5, 0.5, 0.5, 1.0, 0.4, 3.4, 2.6, 1.4, 0.9, 1.1, 1.0, 0.9, 0.7, 1.0, 0.8, 0.4, 0.2, 0.9, 1.1, 0.8, 1.2",0.8,0.2,5.1,0.6,1.125
I50L,5,1,"0.2, 0.2, 0.3, 0.3, 0.5",0.3,0.2,0.5,0.2,0.3
"I50L, G73S, L90M",1,3,0.2,0.2,0.2,0.2,0.2,0.2
