Rule,BIC,CAB,DTG,EVG,RAL
H51Y,10,15,10,15,15
T66I,5,10,5,60,15
T66K,15,20,15,60,60
E92Q,10,15,10,60,30
G118R,30,60,50,60,60
F121C,15,60,15,60,60
F121Y,10,15,10,60,60
E138A,10,10,10,15,15
E138K,10,10,10,15,15
E138T,10,10,10,15,15
G140A,10,10,10,30,30
G140C,10,10,10,30,30
G140R,10,60,10,30,30
G140S,10,10,10,30,30
Y143A,5,10,5,10,60
Y143C,5,10,5,10,60
Y143G,5,10,5,10,60
Y143H,5,10,5,10,60
Y143K,5,10,5,10,60
Y143R,5,10,5,10,60
Y143S,5,10,5,10,60
S147G,10,10,10,60,10
Q148H,25,30,25,60,60
Q148K,30,50,30,60,60
Q148R,25,40,25,60,60
V151L,15,15,15,60,30
S153F,15,25,15,25,10
S153Y,15,25,15,25,10
N155H,10,25,10,60,60
S230R,10,20,20,20,20
R263K,30,30,30,30,25
E92G,0,10,0,30,15
E92V,0,10,0,60,30
Q146P,0,30,0,60,0
Q148N,0,15,0,15,15
N155S,0,15,0,30,30
N155T,0,15,0,30,30
T66A,0,0,0,60,15
Q95K,0,0,0,10,10
T97A,0,0,0,10,10
P145S,0,0,0,60,0
V151A,0,0,0,30,15
E157Q,0,0,0,10,10
G163K,0,0,0,15,15
G163R,0,0,0,15,15
D232N,0,0,0,10,10